ES_id;DOI;wild_captive;species;phylum;phylo_remark;species_paper;taxon;stat_type;single_value;single_val_SE;mean_stress;sd_stress;n_stress_or_N;mean_contr;sd_contr;n_contr;n_tot;extracted_from_plot;s_pooled;intermediate_stat;int_stat_value;a;d;r;Z;corr;Sign;Final_Z;age;accounting_for_age;sex;sex_tested;year_publication;tissue;tissue_lifespan;stressor;stress_category;stressor_cat;exper_correl;measure;method;method_T
1;10.1111/jeb.12615;wild;Parus major;bird;;1;bird;Means;;;0.059;0.03;26;-0.002;0.006;29;55;Y;0.02106056;;;4.01193634;2.89640927;0.822487718;1.164458961;N;-1;-1.164458961;adults;no;both;yes;2015;blood;short;no antimalarial drug supplementation;parasitism;parasitism;experimental;telomere shortening;qPCR;qPCR
2;10.1098/rspb.2014.1610;wild;Sturnus vulgaris;bird;;1;bird;Means;;;1.53;0.517;24;1.892;0.434;24;48;N;0.477307553;;;4;0.75842085;0.354572556;0.370664213;N;-1;-0.370664213;juveniles;yes;both;yes;2015;blood;short;relative low body condition;competition;competition;experimental;telomere length;qPCR;qPCR
3;10.1098/rspb.2014.1610;wild;Sturnus vulgaris;bird;;1;bird;Means;;;1.531;0.571;24;1.757;0.452;24;48;N;0.514949027;;;4;0.438878391;0.214339269;0.217715168;N;-1;-0.217715168;juveniles;yes;both;yes;2015;blood;short;relative low body condition;competition;competition;experimental;telomere length;qPCR;qPCR
4;10.1098/rspb.2014.1610;wild;Sturnus vulgaris;bird;;1;bird;Regression b;-0.232;0.134;NA;;48;;;;48;N;;t;-1.731343284;;;0.2472;0.252428365;Y;-1;-0.252428365;juveniles;yes;both;yes;2015;blood;short;relative low body condition;competition;competition;experimental;telomere shortening;qPCR;qPCR
5;10.1371/journal.pone.0083617;wild;Sturnus vulgaris;bird;;1;bird;Regression F;1.27;;;;25;;;;25;N;;t;1.126942767;;;0.2288;0.23292281;Y;-1;-0.23292281;juveniles;yes;both;yes;2013;blood;short;large brood size;competition;competition;experimental;telomere shortening;qPCR;qPCR
6;10.1371/journal.pone.0083617;wild;Sturnus vulgaris;bird;;1;bird;Regression F;6.72;;;;25;;;;25;N;;t;2.592296279;;;0.4752;0.516765808;Y;-1;-0.516765808;juveniles;yes;both;yes;2013;blood;short;number of heavier siblings ;competition;competition;experimental;telomere length;qPCR;qPCR
7;10.1111/j.1365-294X.2011.05331.x;wild;Aptenodytes patagonicus;bird;;1;bird;Regression F;4.12;;;;58;;;;58;N;;t;2.029778313;;;0.2618;0.268039881;Y;-1;-0.268039881;juveniles;no;both;yes;2012;blood;short;fast growth rate;growth rate;development;correlative;telomere shortening;qPCR;qPCR
8;10.1186/1472-6785-12-17;wild;Ficedula albicollis;bird;;1;bird;Means;;;0.998;0.608644395;137;1.01;0.574456265;132;269;Y;0.592117156;;;4.001382438;0.02026626;0.010130859;0.010131206;N;-1;-0.010131206;juveniles;yes;both;yes;2012;blood;short;large brood size;competition;competition;experimental;telomere length;qPCR;qPCR
9;10.1016/j.scitotenv.2016.04.096;wild;Rissa tridactyla;bird;;1;bird;Regression F;0.802;;;;16;;;;16;N;;t;0.895544527;;;;0.2371;N;-1;-0.2371;adults;no;female;;2016;blood;short;high POP exposure;pollutant;human disturbance;correlative;telomere length;TRF;TRF
10;10.1016/j.scitotenv.2016.04.096;wild;Rissa tridactyla;bird;;1;bird;Regression F;0.394;;;;22;;;;22;N;;t;0.627694193;;;;0.1399;N;-1;-0.1399;adults;no;male;;2016;blood;short;high POP exposure;pollutant;human disturbance;correlative;telomere length;TRF;TRF
11;10.1016/j.scitotenv.2016.04.096;wild;Rissa tridactyla;bird;;1;bird;Regression F;0.833;;;;16;;;;16;N;;t;0.912688337;;;;0.2416;N;-1;-0.2416;adults;no;female;;2016;blood;short;high PCB exposure;pollutant;human disturbance;correlative;telomere length;TRF;TRF
12;10.1016/j.scitotenv.2016.04.096;wild;Rissa tridactyla;bird;;1;bird;Regression F;0.114;;;;22;;;;22;N;;t;0.33763886;;;;0.0754;N;-1;-0.0754;adults;no;male;;2016;blood;short;high PCB exposure;pollutant;human disturbance;correlative;telomere length;TRF;TRF
13;10.1016/j.scitotenv.2016.04.096;wild;Rissa tridactyla;bird;;1;bird;Regression F;0.534;;;;16;;;;16;N;;t;0.730753036;;;;0.1941;N;-1;-0.1941;adults;no;female;;2016;blood;short;high HCB exposure;pollutant;human disturbance;correlative;telomere length;TRF;TRF
14;10.1016/j.scitotenv.2016.04.096;wild;Rissa tridactyla;bird;;1;bird;Regression F;0.002;;;;22;;;;22;N;;t;0.04472136;;;;0.01;N;1;0.01;adults;no;male;;2016;blood;short;high HCB exposure;pollutant;human disturbance;correlative;telomere length;TRF;TRF
15;10.1016/j.scitotenv.2016.04.096;wild;Rissa tridactyla;bird;;1;bird;Regression F;0.066;;;;16;;;;16;N;;t;0.256904652;;;;0.0686;N;1;0.0686;adults;no;female;;2016;blood;short;high DDE exposure;pollutant;human disturbance;correlative;telomere length;TRF;TRF
16;10.1016/j.scitotenv.2016.04.096;wild;Rissa tridactyla;bird;;1;bird;Regression F;1.351;;;;22;;;;22;N;;t;1.162325256;;;;0.2571;N;-1;-0.2571;adults;no;male;;2016;blood;short;high DDE exposure;pollutant;human disturbance;correlative;telomere length;TRF;TRF
17;10.1016/j.scitotenv.2016.04.096;wild;Rissa tridactyla;bird;;1;bird;Regression F;5.343;;;;16;;;;16;N;;t;2.311493024;;;;0.584;N;-1;-0.584;adults;no;female;;2016;blood;short;high oxychlorane exposure;pollutant;human disturbance;correlative;telomere length;TRF;TRF
18;10.1016/j.scitotenv.2016.04.096;wild;Rissa tridactyla;bird;;1;bird;Regression F;0.025;;;;22;;;;22;N;;t;0.158113883;;;;0.0353;N;-1;-0.0353;adults;no;male;;2016;blood;short;high oxychlorane exposure;pollutant;human disturbance;correlative;telomere length;TRF;TRF
19;10.1016/j.scitotenv.2016.04.096;wild;Rissa tridactyla;bird;;1;bird;Regression F;1.246;;;;16;;;;16;N;;t;1.116243701;;;;0.2941;N;-1;-0.2941;adults;no;female;;2016;blood;short;high cis-Nonachlor exposure;pollutant;human disturbance;correlative;telomere length;TRF;TRF
20;10.1016/j.scitotenv.2016.04.096;wild;Rissa tridactyla;bird;;1;bird;Regression F;0.077;;;;22;;;;22;N;;t;0.277488739;;;;0.062;N;1;0.062;adults;no;male;;2016;blood;short;high cis-Nonachlor exposure;pollutant;human disturbance;correlative;telomere length;TRF;TRF
21;10.1016/j.scitotenv.2016.04.096;wild;Rissa tridactyla;bird;;1;bird;Regression F;1.301;;;;16;;;;16;N;;t;1.14061387;;;;0.3003;N;-1;-0.3003;adults;no;female;;2016;blood;short;high trans-Nonachlor exposure;pollutant;human disturbance;correlative;telomere length;TRF;TRF
22;10.1016/j.scitotenv.2016.04.096;wild;Rissa tridactyla;bird;;1;bird;Regression F;0.922;;;;22;;;;22;N;;t;0.960208311;;;;0.2131;N;-1;-0.2131;adults;no;male;;2016;blood;short;high trans-Nonachlor exposure;pollutant;human disturbance;correlative;telomere length;TRF;TRF
23;10.1126/science.1261121;wild;Acrocephalus arundinaceus;bird;;1;bird;F;24.2;;;;174;;;;174;N;;t;4.91934955;;;0.3512;0.366811931;Y;-1;-0.366811931;adults;yes;both;no;2015;blood;short;malaria prevalence;parasitism;parasitism;correlative;telomere shortening;qPCR;qPCR
24;10.1126/science.1261121;captivity;Acrocephalus arundinaceus;bird;;1;bird;F;19.59;;;;12;;;4;16;N;;t;4.426059195;;2.5554;0.752563125;0.978839569;Y;-1;-0.978839569;adults;no;both;no;2015;blood;short;malaria prevalence;parasitism;parasitism;experimental;telomere shortening;qPCR;qPCR
25;10.1126/science.1261121;wild;Acrocephalus arundinaceus;bird;;1;bird;t;3.45;;;;172;;;;172;N;;;;;;0.2558;0.261609141;N;-1;-0.261609141;juveniles;no;both;no;2015;blood;short;malaria prevalence in mothers;parent condition;parental effect;correlative;telomere shortening;qPCR;qPCR
26;10.1126/science.1261121;wild;Acrocephalus arundinaceus;bird;;1;bird;t;3.96;;;;65;;;;65;N;;;;;;0.4464;0.480195293;N;-1;-0.480195293;adults;no;both;no;2015;blood;short;malaria prevalence;parasitism;parasitism;correlative;telomere shortening;qPCR;qPCR
27;10.1126/science.1261121;wild;Acrocephalus arundinaceus;bird;;1;bird;t;-1.43;;;;133;;;;133;N;;;;;;0.124;0.12464147;N;1;0.12464147;juveniles;no;both;no;2015;blood;short;malaria prevalence in fathers;parent condition;parental effect;correlative;telomere shortening;qPCR;qPCR
28;10.1126/science.1261121;wild;Acrocephalus arundinaceus;bird;;1;bird;Correlation;0.41;;;;23;;;;23;N;;;;;;0.41;0.435611223;N;-1;-0.435611223;juveniles;no;both;no;2015;blood;short;malaria infection intensity;parasitism;parasitism;correlative;telomere shortening;qPCR;qPCR
29;10.1126/science.1261121;wild;Acrocephalus arundinaceus;bird;;1;bird;Correlation;0.82;;;;12;;;;12;N;;;;;;0.82;1.156817465;N;-1;-1.156817465;juveniles;no;both;no;2015;blood;short;malaria infection intensity;parasitism;parasitism;correlative;telomere shortening;qPCR;qPCR
30;10.1242/jeb.109942;captivity;Taeniopygia guttata;bird;;1;bird;Means;;;2.5;1.095445115;30;3.2;2.25;25;55;Y;1.717281749;;;4.033333333;0.40762094;0.198910773;0.201598199;N;-1;-0.201598199;juveniles;yes;both;yes;2017;blood;short;large brood size;competition;competition;experimental;telomere length;qPCR;qPCR
31;10.1242/jeb.109942;captivity;Taeniopygia guttata;bird;;1;bird;Means;;;1.35;1.369306394;30;3.3;1;25;55;Y;1.216048348;;;4.033333333;1.603554664;0.623959691;0.731463179;N;-1;-0.731463179;juveniles;yes;both;yes;2017;blood;short;large brood size;competition;competition;experimental;telomere length;qPCR;qPCR
32;10.1242/jeb.109942;captivity;Taeniopygia guttata;bird;;1;bird;Means;;;1.4;0.374165739;14;1.8;0.670820393;20;34;Y;0.569264877;;;4.128571429;0.7026606;0.326825836;0.339270348;N;-1;-0.339270348;juveniles;yes;both;yes;2017;blood;short;large brood size;competition;competition;experimental;telomere length;qPCR;qPCR
33;10.3389/fevo.2014.00009;captivity;Taeniopygiaguttata;bird;;1;bird;Means;;;0.867;0.296984848;18;1.24;0.424264069;18;36;Y;0.366196669;;;4;1.018578354;0.453823345;0.489504844;N;-1;-0.489504844;adults;yes;both;yes;2015;blood;short;large brood size;reproduction;reproductive effort;experimental;telomere shortening;qPCR;qPCR
34;10.3389/fevo.2014.00009;captivity;Taeniopygiaguttata;bird;;1;bird;Means;;;0.452;0.252982213;10;0.875;0.514392846;6;16;Y;0.36829724;;;4.266666667;1.148528834;0.485959178;0.530756536;N;-1;-0.530756536;adults;yes;both;yes;2015;blood;short;large brood size;reproduction;reproductive effort;experimental;telomere shortening;qPCR;qPCR
35;10.1111/jav.00714;wild;Parus ater;bird;;Periparus ater;bird;Means;;;-0.183;0.120498963;30;-0.029;0.168614946;39;69;Y;0.149699101;;;0.988764045;1.017171523;0.454;0.489727341;N;-1;-0.489727341;juveniles;yes;both;yes;2017;blood;short;high elevation;elevation;abiotic environment;correlative;telomere shortening;qPCR;qPCR
36;10.1111/jav.00714;wild;Parus major;bird;;1;bird;Means;;;-0.13;0.160996894;20;-0.039;0.131041978;53;73;Y;0.13968899;;;5.027358491;0.651447188;0.279004732;0.286602464;N;-1;-0.286602464;juveniles;yes;both;yes;2017;blood;short;high elevation;elevation;abiotic environment;correlative;telomere shortening;qPCR;qPCR
37;10.1111/jav.00714;wild;Parus ater;bird;;Periparus ater;bird;Means;;;0.877;0.273861279;30;0.645;0.206084934;39;69;Y;0.237803945;;;4.069230769;0.975593569;0.435384768;0.466521864;N;1;0.466521864;juveniles;yes;both;yes;2017;blood;short;high elevation;elevation;abiotic environment;correlative;telomere length;qPCR;qPCR
38;10.1111/jav.00714;wild;Parus major;bird;;1;bird;Means;;;0.914;0.192301846;20;1;0.218403297;53;73;Y;0.211733955;;;5.027358491;0.406170092;0.17824883;0.180173468;N;-1;-0.180173468;juveniles;yes;both;yes;2017;blood;short;high elevation;elevation;abiotic environment;correlative;telomere length;qPCR;qPCR
39;10.1111/jav.00714;wild;Parus major;bird;;1;bird;Means;;;0.799;0.125219807;20;0.985;0.254803846;53;73;Y;0.227479143;;;5.027358491;0.817657379;0.342601564;0.357037097;N;-1;-0.357037097;juveniles;yes;both;yes;2017;blood;short;high elevation;elevation;abiotic environment;correlative;telomere length;qPCR;qPCR
40;10.1111/jav.00714;wild;Parus ater;bird;;Periparus ater;bird;Means;;;0.709;0.213611797;30;0.623;0.15612495;39;69;Y;0.183234618;;;4.069230769;0.469343625;0.226614069;0.230617337;N;1;0.230617337;juveniles;yes;both;yes;2017;blood;short;high elevation;elevation;abiotic environment;correlative;telomere length;qPCR;qPCR
41;10.1111/mec.13856;wild;Salmo trutta;fish;added as sister to salar;1;fish;Regression F;7.58;;;;112;;;;112;N;;t;2.75317998;;;0.2539;0.259577167;N;-1;-0.259577167;juveniles;no;both;no;2016;blood+tissues;short;high temperature;temperature;abiotic environment;correlative;telomere length;qPCR;qPCR
42;10.1098/rsbl.2013.0889;wild;Rissa tridactyla;bird;;1;bird;Regression b;3.56;0.88;;;25;;;;25;N;;t;4.045454545;;;0.6447;0.766175386;Y;-1;-0.766175386;adults;no;both;yes;2013;blood;short;short time spent at wintering ground;wintering;abiotic environment;correlative;telomere shortening;TRF;TRF
43;10.1098/rspb.2013.3287;wild;Corvus monedula;bird;;1;bird;Regression b;-155.03;84.16;;;157;;;;157;N;;t;-1.842086502;;;0.1464;0.147459588;N;-1;-0.147459588;juveniles;yes;both;yes;2014;blood;short;large brood size;competition;competition;experimental;telomere length;TRF;TRF
44;10.1098/rspb.2013.3287;wild;Corvus monedula;bird;;1;bird;Means;;;280.667;171.8255201;107;230.587;199.3192595;50;157;Y;180.9691684;;;4.60728972;0.276732222;0.127866652;0.128570437;N;-1;-0.128570437;juveniles;yes;both;yes;2014;blood;short;large brood size;competition;competition;experimental;telomere shortening;TRF;TRF
45;10.1016/j.scitotenv.2015.08.123;wild;Haliaeetus albicilla;bird;;1;bird;Regression t;-1.17;;;;35;;;;35;N;;;;;;;0.2023;N;-1;-0.2023;juveniles;yes;both;yes;2016;blood;short;high HCB exposure;pollutant;human disturbance;correlative;telomere length;qPCR;qPCR
46;10.1016/j.scitotenv.2015.08.123;wild;Haliaeetus albicilla;bird;;1;bird;Regression t;-1.51;;;;35;;;;35;N;;;;;;;0.2599;N;-1;-0.2599;juveniles;yes;both;yes;2016;blood;short;high oxychlorane exposure;pollutant;human disturbance;correlative;telomere length;qPCR;qPCR
47;10.1016/j.scitotenv.2015.08.123;wild;Haliaeetus albicilla;bird;;1;bird;Regression t;-0.91;;;;35;;;;35;N;;;;;;;0.1578;N;-1;-0.1578;juveniles;yes;both;yes;2016;blood;short;high DDE exposure;pollutant;human disturbance;correlative;telomere length;qPCR;qPCR
48;10.1016/j.scitotenv.2015.08.123;wild;Haliaeetus albicilla;bird;;1;bird;Regression t;-0.53;;;;35;;;;35;N;;;;;;;0.0921;N;-1;-0.0921;juveniles;yes;both;yes;2016;blood;short;high PCB exposure;pollutant;human disturbance;correlative;telomere length;qPCR;qPCR
49;10.1016/j.scitotenv.2015.08.123;wild;Haliaeetus albicilla;bird;;1;bird;Regression t;1.01;;;;35;;;;35;N;;;;;;;0.1749;N;1;0.1749;juveniles;yes;both;yes;2016;blood;short;high PFOS lin exposure;pollutant;human disturbance;correlative;telomere length;qPCR;qPCR
50;10.1016/j.scitotenv.2015.08.123;wild;Haliaeetus albicilla;bird;;1;bird;Regression t;0.13;;;;35;;;;35;N;;;;;;;0.0226;N;1;0.0226;juveniles;yes;both;yes;2016;blood;short;high PFUNA exposure;pollutant;human disturbance;correlative;telomere length;qPCR;qPCR
51;10.1111/j.1365-2435.2010.01825.x;wild;Pygoscelis adeliae;bird;;1;bird;Means;;;0.033;0.416269144;30;-0.007;0.288;16;46;N;0.377470047;;;4.408333333;0.105968673;0.050406651;0.050449408;N;1;0.050449408;adults;no;both;yes;2011;blood;short;high cost of foraging;reproduction;reproductive effort;experimental;telomere shortening;qPCR;qPCR
52;10.1098/rsbl.2010.0126;wild;Lacerta agilis;reptile;;1;reptile;Regression t;-1.68;;;;68;;;;68;N;;;;;;0.2025;0.205338084;Y;-1;-0.205338084;adults;yes;female;;2010;blood;short;tail regeneration;regeneration;development;correlative;telomere length;TRF;TRF
53;10.1098/rsbl.2010.0126;wild;Lacerta agilis;reptile;;1;reptile;Regression t;1.76;;;;56;;;;56;N;;;;;;0.2329;0.237253613;Y;1;0.237253613;adults;yes;female;;2010;blood;short;high number of ectoparasites;parasitism;parasitism;correlative;telomere length;TRF;TRF
54;10.1098/rsbl.2010.0126;wild;Lacerta agilis;reptile;;1;reptile;Regression t;21.07;;;;56;;;;56;N;;;;;;0.9442;1.775415995;Y;-1;-1.775415995;adults;yes;male;;2010;blood;short;high number of ectoparasites;parasitism;parasitism;correlative;telomere length;TRF;TRF
55;10.1098/rsbl.2010.0126;wild;Lacerta agilis;reptile;;1;reptile;Regression t;-2.55;;;;68;;;;68;N;;t;-2.55;;;0.295430111;0.30450526;Y;-1;-0.30450526;adults;yes;male;;2010;blood;short;tail regeneration;parasitism;parasitism;correlative;telomere length;TRF;TRF
56;10.1098/rsbl.2012.1095;captivity;Glis glis;mammal;changed to Myoxus glis;1;mammal;Regression t;-0.019;0.006;;;20;;;;20;N;;;-3.166666667;;;0.5973;0.688939057;Y;-1;-0.688939057;adults;yes;both;yes;2013;ear tissue;long;low weight loss ;wintering;activity;correlative;telomere length;qPCR;qPCR
57;10.1098/rsbl.2014.0991;wild;Crocuta crocuta;mammal;;1;mammal;Regression F;8.43;;;;54;;;;54;N;;t;2.903446228;;;0.3734;0.392368159;Y;-1;-0.392368159;adults;no;female;;2015;blood;short;low social rank;social status;competition;correlative;telomere length;TRF;TRF
58;10.1098/rsbl.2014.0991;wild;Crocuta crocuta;mammal;;1;mammal;Regression t;1.43;;;;54;;;;54;N;;;;;;0.1945;0.197009882;Y;-1;-0.197009882;adults;no;female;;2015;blood;short;low number of prey per individual ;food restriction;poor diet;correlative;telomere length;TRF;TRF
59;10.1007/s00442-015-3429-9;wild;Parus major;bird;;1;bird;Regression F;3.57;;;;88;;;;88;N;;t;1.889444363;;;0.1996;0.202315922;Y;-1;-0.202315922;juveniles;yes;both;yes;2016;blood;short;relative low body size/condition;competition;competition;correlative;telomere shortening;qPCR;qPCR
60;10.1007/s00442-015-3429-9;wild;Parus major;bird;;1;bird;Means;;;0.946;0.212263987;44;1.033;0.218897236;44;88;Y;0.215606122;;;4;0.403513588;0.197771715;0.200412497;N;-1;-0.200412497;juveniles;yes;both;yes;2016;blood;short;high hatching rank;competition;competition;correlative;telomere length;qPCR;qPCR
61;10.1111/1365-2435.12204;wild;Aptenodytes patagonicus;bird;;1;bird;Means;;;1.11;0.09;45;1.44;0.1;39;84;Y;0.094765436;;;4.020512821;3.482282306;0.86660403;1.319277055;N;-1;-1.319277055;juveniles;yes;both;yes;2014;blood;short;high hatching rank;hatching date;parental effect;correlative;telomere length;qPCR;qPCR
62;10.1098/rspb.2013.3151;wild;Phalacrocorax aristotelis;bird;;1;bird;Means;;;-0.1196;0.211272147;42;-0.1546;0.2856;36;78;Y;0.248281735;;;4.023809524;0.140968887;0.070102707;0.070217884;N;-1;-0.070217884;juveniles;yes;both;yes;2014;blood;short;handling;handling;human disturbance;experimental;telomere shortening;qPCR;qPCR
63;10.1098/rspb.2013.3151;wild;Phalacrocorax aristotelis;bird;;1;bird;Means;;;0.989;0.213864443;42;0.9255;0.249;36;78;Y;0.230710944;;;4.023809524;0.275236185;0.135936683;0.136783406;N;-1;-0.136783406;juveniles;yes;both;yes;2014;blood;short;handling;handling;human disturbance;experimental;telomere length;qPCR;qPCR
64;10.1098/rsbl.2006.0594;captivity;Mus musculus;mammal;;1;mammal;Means;;;-0.028;0.06;9;0.043;0.04110961;10;19;N;0.050880483;;;4.011111111;1.395427011;0.571669384;0.649999136;N;-1;-0.649999136;adults;yes;female;;2007;blood;short;crowding;crowding;competition;experimental;telomere shortening;qPCR;qPCR
65;10.1098/rsbl.2006.0594;captivity;Mus musculus;mammal;;1;mammal;Means;;;-0.03;0.082024387;8;0.043;0.04110961;10;18;N;0.062402925;;;4.05;1.169816967;0.502550269;0.552712307;N;-1;-0.552712307;adults;yes;female;;2007;blood;short;reproduction;reproduction;reproductive effort;experimental;telomere shortening;qPCR;qPCR
66;10.1098/rsbl.2006.0594;captivity;Mus musculus;mammal;;1;mammal;Means;;;0.007;0.044271887;10;0.043;0.04110961;10;20;N;0.042720019;;;4;0.84269626;0.388288294;0.40978286;N;-1;-0.40978286;adults;yes;male;;2007;blood;short;crowding;crowding;reproductive effort;experimental;telomere shortening;qPCR;qPCR
67;10.1098/rsbl.2006.0594;captivity;Mus musculus;mammal;;1;mammal;Means;;;0.049;0.050911688;8;0.043;0.04110961;10;18;N;0.045657694;;;4.05;0.131412682;0.065160711;0.065253169;N;1;0.065253169;adults;yes;male;;2007;blood;short;reproduction;reproduction;competition;experimental;telomere shortening;qPCR;qPCR
68;10.1016/j.scitotenv.2016.09.131;wild;Parus major;bird;;1;bird;t;-2.754;;;;21;;;;21;N;;;;;;0.5341;0.595864075;N;-1;-0.595864075;juveniles;yes;both;no;2016;liver;medium;high MTE exposure;pollutant;human disturbance;correlative;telomere length;qPCR;qPCR
69;10.1016/j.scitotenv.2016.09.131;wild;Ficedula hypoleuca;bird;;1;bird;t;-0.163;;;;24;;;;24;N;;;;;;0.0347;0.034713937;N;-1;-0.034713937;juveniles;yes;both;no;2016;liver;medium;high MTE exposure;pollutant;human disturbance;correlative;telomere length;qPCR;qPCR
70;10.1016/j.scitotenv.2016.09.131;wild;Parus major;bird;;1;bird;t;0.078;;;;23;;;;23;N;;;;;;0.017;0.017001638;N;1;0.017001638;adults;no;female;;2016;liver;medium;high MTE exposure;pollutant;human disturbance;correlative;telomere length;qPCR;qPCR
71;10.1016/j.scitotenv.2016.09.131;wild;Ficedula hypoleuca;bird;;1;bird;t;-0.088;;;;22;;;;22;N;;;;;;0.0197;0.019702549;N;-1;-0.019702549;adults;no;female;;2016;liver;medium;high MTE exposure;pollutant;human disturbance;correlative;telomere length;qPCR;qPCR
72;10.1016/j.scitotenv.2016.09.131;wild;Parus major;bird;;1;bird;Correlation;0.494;;;;21;;;;21;N;;;;;;0.494;0.541337848;N;-1;-0.541337848;juveniles;yes;both;no;2016;liver;medium;relative low body condition;competition;competition;correlative;telomere length;qPCR;qPCR
73;10.1016/j.scitotenv.2016.09.131;wild;Ficedula hypoleuca;bird;;1;bird;Correlation;0.079;;;;24;;;;24;N;;;;;;0.079;0.079164965;N;-1;-0.079164965;juveniles;yes;both;no;2016;liver;medium;relative low body condition;competition;competition;correlative;telomere length;qPCR;qPCR
74;10.1242/jeb.140871;wild;Glis glis;mammal;changed to Myoxus glis;1;mammal;Regression t;-3.19;;;;15;;;;15;N;;;;;;0.6626;0.797434375;N;-1;-0.797434375;adults;yes;both;yes;2016;buccal mucosa;short;high arousal rate during hibernation;arousal rate;activity;correlative;telomere shortening;qPCR;qPCR
75;10.1242/jeb.140871;wild;Glis glis;mammal;changed to Myoxus glis;1;mammal;Regression F;11.92;;;;50;;;;50;N;;t;3.4525353;;;0.4458;0.479446224;N;-1;-0.479446224;adults;yes;both;yes;2016;buccal mucosa;short;no food supplementation;food restriction;poor diet;experimental;telomere shortening;qPCR;qPCR
76;10.1242/jeb.140871;wild;Glis glis;mammal;changed to Myoxus glis;1;mammal;Regression t;-1.94;;;;15;;;;15;N;;;;;;0.4738;0.514959005;N;-1;-0.514959005;adults;yes;both;yes;2016;buccal mucosa;short;low weight loss;wintering;activity;correlative;telomere shortening;qPCR;qPCR
77;10.1242/jeb.140871;wild;Glis glis;mammal;changed to Myoxus glis;1;mammal;Regression t;-1.88;;;;15;;;;15;N;;;;;;0.4623;0.500232517;N;-1;-0.500232517;adults;yes;both;yes;2016;buccal mucosa;short;low hibernation duration;wintering;activity;correlative;telomere shortening;qPCR;qPCR
78;10.1111/jeb.12680;wild;Clamator glandarius;bird;;1;bird;Correlation;;;;;18;;;;18;N;;;;;;0.49;0.536060337;N;1;0.536060337;juveniles;yes;both;no;2015;blood;short;late laying date;laying date;parental effect;correlative;telomere length;qPCR;qPCR
79;10.1111/jeb.12680;wild;Pica pica;bird;;1;bird;Correlation;;;;;26;;;;26;N;;;;;;0.44;0.472230804;N;-1;-0.472230804;juveniles;yes;both;no;2015;blood;short;late laying date;laying date;parental effect;correlative;telomere length;qPCR;qPCR
80;10.1111/jeb.12680;wild;Pica pica;bird;;1;bird;Correlation;;;;;26;;;;26;N;;;;;;0.46;0.497311288;N;-1;-0.497311288;juveniles;yes;both;no;2015;blood;short;late laying date;laying date;parental effect;correlative;telomere shortening;qPCR;qPCR
81;10.1111/jeb.12680;wild;Clamator glandarius;bird;;1;bird;Correlation;;;;;18;;;;18;N;;;;;;0.01;0.010000333;N;-1;-0.010000333;juveniles;yes;both;no;2015;blood;short;late laying date;laying date;parental effect;correlative;telomere shortening;qPCR;qPCR
82;10.1111/j.1469-7998.2010.00774.x;wild;Larus fuscus;bird;;1;bird;Regression t;-0.18;0.11;;;68;;;;68;N;;t;-1.636363636;;;0.1967;0.199297402;Y;-1;-0.199297402;juveniles;yes;both;yes;2011;blood;short;lage hatchling size;body size;development;correlative;telomere length;TRF;TRF
83;10.1111/j.1469-7998.2010.00774.x;wild;Larus fuscus;bird;;1;bird;Regression t;0.001;0.002;;;68;;;;68;N;;;;;;0.5;0.549306144;Y;1;0.549306144;juveniles;yes;both;yes;2011;blood;short;late laying date;laying date;parental effect;correlative;telomere length;TRF;TRF
84;10.1111/j.1469-7998.2010.00774.x;wild;Larus fuscus;bird;;1;bird;Regression t;0.1;0.17;;;68;;;;68;N;;;;;;0.588235294;0.674963358;Y;-1;-0.674963358;juveniles;yes;both;yes;2011;blood;short;high hatching rank;competition;competition;correlative;telomere length;TRF;TRF
85;10.1111/j.1469-7998.2010.00774.x;wild;Larus fuscus;bird;;1;bird;Regression t;42.16;59.16;;;34;;;;34;N;;;;;;0.712643678;0.892535241;Y;1;0.892535241;juveniles;yes;both;yes;2011;blood;short;high growth rate;growth rate;development;correlative;telomere length;TRF;TRF
86;10.1111/j.1469-7998.2010.00774.x;wild;Larus fuscus;bird;;1;bird;Regression t;0.02;0.04;;;34;;;;34;N;;;;;;0.5;0.549306144;Y;1;0.549306144;juveniles;yes;both;yes;2011;blood;short;late laying date;laying date;parental effect;correlative;telomere length;TRF;TRF
87;10.1007/s00442-015-3263-0;wild;Salmo trutta;fish;added as sister to salar;1;fish;Means;;;-0.01;0.331300468;140;-0.018;0.26030751;140;280;N;0.297926165;;;4;0.026852291;0.013424935;0.013425742;N;1;0.013425742;juveniles;yes;both;no;2015;fin tissue;short;diet recuperation;recuperation;reproductive effort;experimental;telomere shortening;qPCR;qPCR
88;10.1007/s00442-015-3263-0;wild;Salmo trutta;fish;added as sister to salar;1;fish;Correlation;-0.221;;;;;;;;15;N;;;;;;-0.221;0.224707214;N;-1;-0.224707214;juveniles;yes;both;no;2015;fin tissue;short;low initial mass;body mass;development;correlative;telomere shortening;qPCR;qPCR
89;10.1007/s00442-015-3263-0;wild;Salmo trutta;fish;added as sister to salar;1;fish;Correlation;0.26;;;;;;;;15;N;;;;;;0.26;0.266108407;N;1;0.266108407;juveniles;yes;both;no;2015;fin tissue;short;high growth rate;growth rate;development;correlative;telomere shortening;qPCR;qPCR
90;10.1111/1365-2435.12041;wild;Setophaga ruticilla;bird;;1;bird;Regression F;12.25;;;;15;;;;15;N;;t;3.5;;;0.6965;0.860470487;N;-1;-0.860470487;adults;yes;male;;2013;blood;short;poor wintering habitat quality;habitat quality;abiotic environment;correlative;telomere shortening;qPCR;qPCR
91;10.1111/1365-2435.12041;wild;Setophaga ruticilla;bird;;1;bird;Regression F;1.94;;;;40;;;;40;N;;t;1.392838828;;;0.2203;0.223971389;Y;1;0.223971389;adults;yes;male;;2013;blood;short;poor wintering habitat quality;habitat quality;abiotic environment;correlative;telomere length;qPCR;qPCR
92;10.1098/rspb.2012.2540;wild;Sterna hirundo;bird;;1;bird;Regression t;2.01;;;;181;;;;181;N;;;;;;;0.1497;N;-1;-0.1497;adults;yes;both;yes;2013;blood;short;early arrival date;reproduction;reproductive effort;correlative;telomere length;TRF;TRF
93;10.1098/rspb.2012.2540;wild;Sterna hirundo;bird;;1;bird;Regression t;-1.79;;;;122;;;;122;N;;;;;;;0.1627;N;-1;-0.1627;adults;yes;female;;2013;blood;short;high number of fledglings;reproduction;reproductive effort;correlative;telomere length;TRF;TRF
94;10.1098/rspb.2012.2540;wild;Sterna hirundo;bird;;1;bird;Regression t;-3.4;;;;117;;;;117;N;;;;;;;0.312;N;-1;-0.312;adults;yes;male;;2013;blood;short;high number of fledglings;reproduction;reproductive effort;correlative;telomere length;TRF;TRF
95;10.1098/rspb.2012.2540;wild;Sterna hirundo;bird;;1;bird;Regression t;2.46;;;;50;;;;50;N;;;;;;;0.348;N;-1;-0.348;adults;yes;both;yes;2013;blood;short;large brood size;reproduction;reproductive effort;correlative;telomere shortening;TRF;TRF
96;10.1111/mec.13670;wild;Acrocephalus sechellensis;bird;;1;bird;Regression t;0.03;;;;568;;;;568;N;;;;;;0.0013;0.001300001;Y;-1;-0.001300001;adults;yes;both;yes;2016;blood;short;low food availability;food restriction;poor diet;correlative;telomere length;qPCR;qPCR
97;10.1098/rspb.2004.2768;wild;Phalacrocorax aristotelis;bird;;1;bird;Regression F;6.54;;;;16;;;;16;N;;;2.557342371;;;0.5642;0.639;Y;-1;-0.639;adults;yes;both;yes;2004;blood;short;late laying date;laying date;parental effect;correlative;telomere shortening;TRF;TRF
98;10.1098/rspb.2004.2768;wild;Phalacrocorax aristotelis;bird;;1;bird;Regression F;12.31;;;;16;;;;16;N;;t;3.508560959;;;0.6842;0.836968425;N;1;0.836968425;adults;yes;both;yes;2004;blood;short;low body condition;low body condition;low body condition;correlative;telomere shortening;TRF;TRF
99;10.1371/journal.pone.0040855;wild;Dermochelys coriacea;reptile;;1;reptile;Regression t;2.82;;;;22;;;;22;N;;;;;;0.5334;0.594885206;Y;1;0.594885206;adults;no;female;;2012;blood;short;high number of clutches;reproduction;reproductive effort;correlative;telomere length;qPCR;qPCR
100;10.1186/s12983-016-0133-5;wild;Aphrastura spinicauda;bird;;1;bird;Correlation;-0.81;;;;60;;;;60;N;;;;;;-0.81;1.127029026;N;-1;-1.127029026;juveniles;yes;both;yes;2016;blood;short;large brood size;competition;competition;correlative;telomere length;qPCR;qPCR
101;10.1186/s12983-016-0133-5;wild;Aphrastura spinicauda;bird;;1;bird;Correlation;-0.72;;;;33;;;;33;N;;;;;;-0.72;0.907644983;N;-1;-0.907644983;juveniles;yes;both;yes;2016;blood;short;large brood size;competition;competition;correlative;telomere length;qPCR;qPCR
102;10.1186/s12983-016-0133-5;wild;Aphrastura spinicauda;bird;;1;bird;Regression F;3.69;;;;93;;;;93;N;;t;1.920937271;;;0.1973;0.199921628;Y;-1;-0.199921628;juveniles;yes;both;yes;2016;blood;short;low latitude;elevation;abiotic environment;correlative;telomere length;qPCR;qPCR
103;10.1098/rsbl.2015.0559;wild;Passer domesticus;bird;;1;bird;Means;;;1.04;0.137477271;21;1.19;0.16;16;37;Y;0.147551444;;;4.074404762;1.016594593;0.449808757;0.484460502;N;-1;-0.484460502;juveniles;yes;both;yes;2015;blood;short;high traffic noise exposure;noise pollution;human disturbance;experimental;telomere length;qPCR;qPCR
104;10.1098/rsbl.2015.0559;wild;Passer domesticus;bird;;1;bird;Regression F;0.76;;;;58;;;;58;N;;t;0.871779789;;;0.1155;0.11601775;Y;-1;-0.11601775;juveniles;yes;both;yes;2015;blood;short;large brood size;competition;competition;correlative;telomere length;qPCR;qPCR
105;10.1098/rsbl.2015.0559;wild;Passer domesticus;bird;;1;bird;Regression F;2.41;;;;58;;;;58;N;;t;1.55241747;;;0.2028;0.205650931;Y;1;0.205650931;juveniles;yes;both;yes;2015;blood;short;low body condition;low body condition;low body condition;correlative;telomere length;qPCR;qPCR
106;10.1242/jeb.104265;wild;Hydrobates pelagicus;bird;;1;bird;Regression F;2.41;;;;59;;;;59;N;;t;1.55241747;;;;0.2026;Y;1;0.2026;juveniles;yes;both;yes;2015;blood;short;high visitor disturbance;disturbance;human disturbance;correlative;telomere length;qPCR;qPCR
107;10.1242/jeb.104265;wild;Hydrobates pelagicus;bird;;1;bird;Regression F;0.78;;;;59;;;;59;N;;t;0.883176087;;;;0.1163;Y;1;0.1163;juveniles;yes;both;yes;2015;blood;short;late hatching date;hatching date;parental effect;correlative;telomere length;qPCR;qPCR
108;10.1242/jeb.104265;wild;Hydrobates pelagicus;bird;;1;bird;Regression F;1.32;;;;55;;;;55;N;;t;1.148912529;;;;0.156;Y;1;0.156;juveniles;yes;both;yes;2015;blood;short;high visitor disturbance;disturbance;human disturbance;correlative;telomere shortening;qPCR;qPCR
109;10.1242/jeb.104265;wild;Hydrobates pelagicus;bird;;1;bird;Regression F;0.69;;;;55;;;;55;N;;t;0.830662386;;;;0.1138;Y;-1;-0.1138;juveniles;yes;both;yes;2015;blood;short;late hatching date;hatching date;parental effect;correlative;telomere shortening;qPCR;qPCR
110;10.1242/jeb.104265;wild;Hydrobates pelagicus;bird;;1;bird;Regression F;5.82;;;;55;;;;55;N;;t;2.412467616;;;;0.2499;Y;-1;-0.2499;juveniles;yes;both;yes;2015;blood;short;poor weather conditions;habitat quality;abiotic environment;correlative;telomere length;qPCR;qPCR
111;10.1098/rsbl.2016.0077;captivity;Ctenophorus pictus;reptile;;1;reptile;Regression F;5.64;;;;53;;;;53;N;;t;2.374868417;;;0.315;0.326086553;Y;-1;-0.326086553;adults;no;both;no;2016;blood;short;good colouration maintenance ;colouration;low body condition;correlative;telomere shortening;qPCR;qPCR
112;10.1371/journal.pone.0125674;captivity;Menidia menidia;fish;;1;fish;Regression t;-0.08;0.2;;;5;;;;5;N;;t;-0.08;;;;1.574;Y;-1;-1.574;adults;yes;female;;2015;muscle;long;large body size;body size;development;correlative;telomere length;qPCR;qPCR
113;10.1371/journal.pone.0125674;captivity;Menidia menidia;fish;;1;fish;Regression t;-0.02;0.03;;;5;;;;5;N;;t;-0.02;;;;0.3724;Y;-1;-0.3724;adults;yes;female;;2015;brain;long;large body size;body size;development;correlative;telomere length;qPCR;qPCR
114;10.1371/journal.pone.0125674;captivity;Menidia menidia;fish;;1;fish;Regression t;-0.01;0.02;;;5;;;;5;N;;t;-0.01;;;;0.2848;Y;-1;-0.2848;adults;yes;female;;2015;muscle;long;large body size;body size;development;correlative;telomere length;qPCR;qPCR
115;10.1371/journal.pone.0125674;captivity;Menidia menidia;fish;;1;fish;Regression t;0.04;0.01;;;5;;;;5;N;;t;0.04;;;;1.574;Y;1;1.574;adults;yes;female;;2015;brain;long;large body size;body size;development;correlative;telomere length;qPCR;qPCR
116;10.1371/journal.pone.0125674;captivity;Menidia menidia;fish;;1;fish;Regression t;-0.14;0.16;;;5;;;;5;N;;t;-0.14;;;;0.4858;Y;-1;-0.4858;adults;yes;male;;2015;muscle;long;large body size;body size;development;correlative;telomere length;qPCR;qPCR
117;10.1371/journal.pone.0125674;captivity;Menidia menidia;fish;;1;fish;Regression t;-0.18;0.09;;;5;;;;5;N;;t;-0.18;;;;0.9866;Y;-1;-0.9866;adults;yes;male;;2015;brain;long;large body size;body size;development;correlative;telomere length;qPCR;qPCR
118;10.1371/journal.pone.0125674;captivity;Menidia menidia;fish;;1;fish;Regression t;0.17;0.03;;;5;;;;5;N;;t;0.17;;;;1.8999;Y;1;1.8999;adults;yes;male;;2015;muscle;long;large body size;body size;development;correlative;telomere length;qPCR;qPCR
119;10.1371/journal.pone.0125674;captivity;Menidia menidia;fish;;1;fish;Regression t;0.07;0.05;;;5;;;;5;N;;t;0.07;;;;0.7391;Y;1;0.7391;adults;yes;male;;2015;brain;long;large body size;body size;development;correlative;telomere length;qPCR;qPCR
120;10.1371/journal.pone.0125674;captivity;Menidia menidia;fish;;1;fish;Regression t;-11.01;2.44;;;5;;;;5;N;;t;-11.01;;;;1.6851;Y;-1;-1.6851;adults;yes;female;;2015;muscle;long;high relative gonad size;reproduction;reproductive effort;correlative;telomere length;qPCR;qPCR
121;10.1371/journal.pone.0125674;captivity;Menidia menidia;fish;;1;fish;Regression t;-8.67;2.33;;;5;;;;5;N;;t;-8.67;;;;1.5078;Y;-1;-1.5078;adults;yes;female;;2015;brain;long;high relative gonad size;reproduction;reproductive effort;correlative;telomere length;qPCR;qPCR
122;10.1371/journal.pone.0125674;captivity;Menidia menidia;fish;;1;fish;Regression t;-13.81;7.58;;;5;;;;5;N;;t;-13.81;;;;0.9168;Y;-1;-0.9168;adults;yes;male;;2015;muscle;long;high relative gonad size;reproduction;reproductive effort;correlative;telomere length;qPCR;qPCR
123;10.1371/journal.pone.0125674;captivity;Menidia menidia;fish;;1;fish;Regression t;-5.15;6.59;;;5;;;;5;N;;t;-5.15;;;;0.4364;Y;-1;-0.4364;adults;yes;male;;2015;brain;long;high relative gonad size;reproduction;reproductive effort;correlative;telomere length;qPCR;qPCR
124;10.1643/CI-11-162;wild;Cyprinus carpio;fish;added as sister to Danio;1;fish;Regression F;14.57;;;;73;;;;73;N;;t;3.817066937;;;0.4126;0.438740619;Y;1;0.438740619;both;no;both;no;2014;muscle;long;high fork length;body size;development;correlative;telomere length;qPCR;qPCR
125;10.1643/CI-11-162;wild;Cyprinus carpio;fish;added as sister to Danio;1;fish;Correlation;0.077459667;;;;73;;;;73;N;;;;;;0.077;0.077152721;N;1;0.077152721;both;no;both;no;2014;fin tissue;short;high fork length;body size;development;correlative;telomere length;qPCR;qPCR
126;10.1186/s12862-015-0436-8;laboratory;Oncorhynchus kisutch;fish;changed to O. nerka mykiss;1;fish;Means;;;-0.281;0.214853252;23;-0.021;-0.833466016;15;38;Y;0.54622138;;;4.185507246;0.47599748;0.22661201;0.230615167;N;-1;-0.230615167;adults;yes;both;no;2016;fin tissue;short;fast growth;body size;development;experimental;telomere length;qPCR;qPCR
127;10.1186/s12862-015-0436-8;laboratory;Oncorhynchus kisutch;fish;changed to O. nerka mykiss;1;fish;Means;;;0.106;0.191833261;23;0.013;0.143300384;15;38;Y;0.174570107;;;4.185507246;0.532737257;0.251995351;0.257542322;N;1;0.257542322;adults;yes;both;no;2016;fin tissue;short;fin regeneration;body size;development;experimental;telomere length;qPCR;qPCR
128;10.1371/journal.pone.0132602;captivity;Sturnus vulgaris;bird;;1;bird;Regression t;-0.23;0.2;;;22;;;;22;N;;t;-0.115;;;0.0268;0.026806419;Y;-1;-0.026806419;juveniles;yes;both;no;2015;blood;short;large brood size;competition;competition;experimental;telomere shortening;qPCR;qPCR
129;10.1371/journal.pone.0132602;captivity;Sturnus vulgaris;bird;;1;bird;Correlation;-0.47;;;;22;;;;22;N;;;;;;-0.47;0.510070337;N;-1;-0.510070337;juveniles;yes;both;no;2015;blood;short;number of heavier siblings ;competition;competition;correlative;telomere shortening;qPCR;qPCR
130;10.1371/journal.pone.0132602;captivity;Sturnus vulgaris;bird;;1;bird;Correlation;0.32;;;;22;;;;22;N;;;;;;0.32;0.331647109;N;-1;-0.331647109;juveniles;yes;both;no;2015;blood;short;low body mass;body mass (correlated with the treatment);competition;correlative;telomere shortening;qPCR;qPCR
131;10.1016/S0014-5793(99)00336-1;laboratory;Rattus norvegicus;mammal;;1;mammal;Means;-1.985;;;;7;;;;7;N;;;;4;-1.985;-0.704440159;0.87606033;N;-1;-0.87606033;juveniles;yes;male;;1999;brain;long;diet recuperation;recuperation;poor diet;experimental;telomere length;PSL;qPCR
132;10.1016/S0014-5793(99)00336-1;laboratory;Rattus norvegicus;mammal;;1;mammal;Means;0.787;;;;7;;;;7;N;;;;4;0.787;0.366170543;0.383993479;N;1;0.383993479;juveniles;yes;male;;1999;brain;long;diet recuperation;recuperation;poor diet;experimental;telomere length;PSL;qPCR
133;10.1016/S0014-5793(99)00336-1;laboratory;Rattus norvegicus;mammal;;1;mammal;Means;0.525;;;;7;;;;7;N;;;;4;0.525;0.253898128;0.259575166;N;1;0.259575166;juveniles;yes;male;;1999;brain;long;diet recuperation;recuperation;poor diet;experimental;telomere length;PSL;qPCR
134;10.1016/S0014-5793(99)00336-1;laboratory;Rattus norvegicus;mammal;;1;mammal;Means;0.099;;;;7;;;;7;N;;;;4;0.099;0.049439468;0.049479808;N;1;0.049479808;juveniles;yes;male;;1999;brain;long;diet recuperation;recuperation;poor diet;experimental;telomere length;PSL;qPCR
135;10.1016/S0014-5793(99)00336-1;laboratory;Rattus norvegicus;mammal;;1;mammal;Means;-1;;;;7;;;;7;N;;;;4;-1;-0.447213595;0.481211825;N;-1;-0.481211825;juveniles;yes;male;;1999;liver;medium;diet recuperation;recuperation;poor diet;experimental;telomere length;PSL;qPCR
136;10.1016/S0014-5793(99)00336-1;laboratory;Rattus norvegicus;mammal;;1;mammal;Means;0.424;;;;7;;;;7;N;;;;4;0.424;0.207390736;0.210443262;N;1;0.210443262;juveniles;yes;male;;1999;liver;medium;diet recuperation;recuperation;poor diet;experimental;telomere length;PSL;qPCR
137;10.1016/S0014-5793(99)00336-1;laboratory;Rattus norvegicus;mammal;;1;mammal;Means;-1.565;;;;7;;;;7;N;;;;4;-1.565;-0.616255172;0.718944655;N;-1;-0.718944655;juveniles;yes;male;;1999;liver;medium;diet recuperation;recuperation;poor diet;experimental;telomere length;PSL;qPCR
138;10.1016/S0014-5793(99)00336-1;laboratory;Rattus norvegicus;mammal;;1;mammal;Means;0.575;;;;7;;;;7;N;;;;4;0.575;0.276307425;0.283679841;N;1;0.283679841;juveniles;yes;male;;1999;liver;medium;diet recuperation;recuperation;poor diet;experimental;telomere length;PSL;qPCR
139;10.1016/S0014-5793(99)00336-1;laboratory;Rattus norvegicus;mammal;;1;mammal;Means;-2.463;;;;7;;;;7;N;;;;4;-2.463;-0.776297145;1.035983794;N;-1;-1.035983794;juveniles;yes;male;;1999;kidney;medium;diet recuperation;recuperation;poor diet;experimental;telomere length;PSL;qPCR
140;10.1016/S0014-5793(99)00336-1;laboratory;Rattus norvegicus;mammal;;1;mammal;Means;-4.123;;;;7;;;;7;N;;;;4;-4.123;-0.89973102;1.470805608;N;-1;-1.470805608;juveniles;yes;male;;1999;kidney;medium;diet recuperation;recuperation;poor diet;experimental;telomere length;PSL;qPCR
141;10.1016/S0014-5793(99)00336-1;laboratory;Rattus norvegicus;mammal;;1;mammal;Means;-0.361;;;;7;;;;7;N;;;;4;-0.361;-0.177629584;0.179533975;N;-1;-0.179533975;juveniles;yes;male;;1999;kidney;medium;diet recuperation;recuperation;poor diet;experimental;telomere length;PSL;qPCR
142;10.1016/S0014-5793(99)00336-1;laboratory;Rattus norvegicus;mammal;;1;mammal;Means;3.687;;;;7;;;;7;N;;;;4;3.687;0.879004759;1.371373159;N;1;1.371373159;juveniles;yes;male;;1999;kidney;medium;diet recuperation;recuperation;poor diet;experimental;telomere length;PSL;qPCR
143;10.1098/rsbl.2014.0938;laboratory;Taeniopygia guttata;bird;;1;bird;Means;;;-0.0908;0.195314516;31.5;-0.104;0.253123122;31.5;63;Y;0.226074186;;;4;0.058387913;0.029181524;0.029189811;N;1;0.029189811;adults;yes;male;yes;2015;blood;short;low micronutrient diet;food restriction;poor diet;experimental;telomere shortening;qPCR;qPCR
144;10.1098/rsbl.2014.0938;laboratory;Taeniopygia guttata;bird;;1;bird;Means;;;-0.094;0.202049499;31.5;0.053;0.297461762;31.5;63;Y;0.254271017;;;4;0.578123303;0.277692833;0.285180384;N;-1;-0.285180384;adults;yes;female;yes;2015;blood;short;low micronutrient diet;food restriction;poor diet;experimental;telomere shortening;qPCR;qPCR
145;10.1098/rsbl.2014.0938;laboratory;Taeniopygia guttata;bird;;1;bird;Means;;;0.865;0.235724415;31.5;0.836;0.224499443;31.5;63;Y;0.230180364;;;4;0.125988158;0.062869461;0.06295249;N;1;0.06295249;adults;yes;male;yes;2015;blood;short;low micronutrient diet;food restriction;poor diet;experimental;telomere length;qPCR;qPCR
146;10.1098/rsbl.2014.0938;laboratory;Taeniopygia guttata;bird;;1;bird;Means;;;0.821;0.196437013;31.5;1.081;0.331136679;31.5;63;Y;0.272248967;;;4;0.955008214;0.430899638;0.461000921;N;-1;-0.461000921;adults;yes;female;yes;2015;blood;short;low micronutrient diet;food restriction;poor diet;experimental;telomere length;qPCR;qPCR
147;10.1098/rsbl.2014.0938;laboratory;Taeniopygia guttata;bird;;1;bird;Regression F;6.58;;;;60;;;;60;N;;t;2.565151068;;;0.3186;0.330088171;Y;1;0.330088171;adults;yes;both;yes;2015;blood;short;low body mass ;body mass;low body condition;correlative;telomere length;qPCR;qPCR
148;10.1098/rspb.2015.2331;wild;Passer domesticus;bird;;1;bird;Regression t;-0.163;0.07;;;44;;;;44;N;;t;-2.328571429;;;0.3383;0.352171575;Y;-1;-0.352171575;juveniles;yes;male;;2015;blood;short;large body size;body size;development;experimental;telomere length;qPCR;qPCR
149;10.1098/rspb.2015.2331;wild;Passer domesticus;bird;;1;bird;Regression t;-0.105;0.03;;;44;;;;44;N;;t;-3.5;;;0.4752;0.516765808;Y;-1;-0.516765808;juveniles;yes;male;;2015;blood;short;large body size;body size;development;experimental;telomere length;qPCR;qPCR
150;10.1093/gerona/glr136;laboratory;Macaca mulatta;mammal;;1;mammal;Means;;;15.7;0.96;10;15.74;1.39;24;34;Y;1.283704357;;;4.816666667;0.031159823;0.01419639;0.014197344;N;-1;-0.014197344;adults;yes;male;yes;2011;skeletal muscle;long;caloric restriction;food restriction;poor diet;experimental;telomere length;TRF;TRF
151;10.1093/gerona/glr136;laboratory;Macaca mulatta;mammal;;1;mammal;Means;;;15.39;1;10;15.55;1.57;24;34;Y;1.432793382;;;4.816666667;0.111669974;0.050816138;0.050859947;N;-1;-0.050859947;adults;yes;male;yes;2011;fat;long;caloric restriction;food restriction;poor diet;experimental;telomere length;TRF;TRF
152;10.1093/gerona/glr136;laboratory;Macaca mulatta;mammal;;1;mammal;Means;;;14.67;0.88;10;14.92;1.58;24;34;Y;1.418480701;;;4.816666667;0.176244908;0.080047434;0.080219064;N;-1;-0.080219064;adults;yes;male;yes;2011;leukocytes;short;caloric restriction;food restriction;poor diet;experimental;telomere length;TRF;TRF
153;10.1093/gerona/glr136;laboratory;Macaca mulatta;mammal;;1;mammal;Means;;;14.41;0.89;10;14.76;1.45;24;34;Y;1.316795352;;;4.816666667;0.265796807;0.120230488;0.120814891;N;-1;-0.120814891;adults;yes;male;yes;2011;skin;short;caloric restriction;food restriction;poor diet;experimental;telomere length;TRF;TRF
154;10.1093/gerona/glr136;laboratory;Macaca mulatta;mammal;;1;mammal;Means;;;16.43;1.7;12;16.12;1.26;24;36;Y;1.417379521;;;4.5;0.218713475;0.102558855;0.102920724;N;1;0.102920724;adults;yes;female;yes;2011;skeletal muscle;long;caloric restriction;food restriction;poor diet;experimental;telomere length;TRF;TRF
155;10.1093/gerona/glr136;laboratory;Macaca mulatta;mammal;;1;mammal;Means;;;16.32;1.7;12;15.92;1.32;24;36;Y;1.45385087;;;4.5;0.275131383;0.128620883;0.129337281;N;1;0.129337281;adults;yes;female;yes;2011;fat;long;caloric restriction;food restriction;poor diet;experimental;telomere length;TRF;TRF
156;10.1093/gerona/glr136;laboratory;Macaca mulatta;mammal;;1;mammal;Means;;;15.12;1.63;12;14.96;1.36;24;36;Y;1.452854189;;;4.5;0.110128051;0.051845043;0.05189157;N;1;0.05189157;adults;yes;female;yes;2011;leukocytes;short;caloric restriction;food restriction;poor diet;experimental;telomere length;TRF;TRF
157;10.1093/gerona/glr136;laboratory;Macaca mulatta;mammal;;1;mammal;Means;;;15.07;1.63;12;14.98;1.24;24;36;Y;1.378305652;;;4.5;0.065297563;0.030766994;0.030776707;N;1;0.030776707;adults;yes;female;yes;2011;skin;short;caloric restriction;food restriction;poor diet;experimental;telomere length;TRF;TRF
158;10.1111/jeb.12479;wild;Parus caeruleus;bird;;Cyanistes caeruleus;bird;Means;;;-0.22;0.639;25;0.0953;0.631;31;56;Y;0.634568007;;;4.046451613;0.496873458;0.23979958;0.244561453;N;-1;-0.244561453;adults;yes;both;yes;2014;blood;short;large brood size;competition;competition;experimental;telomere shortening;qPCR;qPCR
159;10.1111/jeb.12479;wild;Parus caeruleus;bird;;Cyanistes caeruleus;bird;Means;;;0.995;0.598;25;1.243;0.785;31;56;Y;0.708012947;;;4.046451613;0.35027608;0.171548523;0.173261705;N;-1;-0.173261705;adults;yes;both;yes;2014;blood;short;large brood size;competition;competition;experimental;telomere length;qPCR;qPCR
160;10.1242/dmm.026591;laboratory;Rattus norvegicus;mammal;;1;mammal;Means;-1.651;;;;12;;;;12;N;;;;4;-1.651;-0.63661236;0.752456804;N;-1;-0.752456804;adults;yes;male;;2016;muscle;long;diet recuperation;recuperation;poor diet;experimental;telomere length;TRF;TRF
161;10.1242/dmm.026591;laboratory;Rattus norvegicus;mammal;;1;mammal;Means;-3.526;;;;12;;;;12;N;;;;4;-3.526;-0.869817541;1.33232957;n;-1;-1.33232957;adults;yes;male;;2016;muscle;long;diet recuperation;recuperation;poor diet;experimental;telomere length;TRF;TRF
162;10.1242/dmm.026591;laboratory;Rattus norvegicus;mammal;;1;mammal;Means;0.492;;;;12;;;;12;N;;;;4;0.492;0.238878187;0.243584073;N;1;0.243584073;adults;yes;male;;2016;muscle;long;diet recuperation;recuperation;poor diet;experimental;telomere length;TRF;TRF
163;10.1242/dmm.026591;laboratory;Rattus norvegicus;mammal;;1;mammal;Means;4.179;;;;12;;;;12;N;;;;4;4.179;0.902020954;1.482959312;N;1;1.482959312;adults;yes;male;;2016;muscle;long;diet recuperation;recuperation;poor diet;experimental;telomere length;TRF;TRF
164;10.1098/rsbl.2011.0758;captivity;Phodopus sungorus;mammal;;1;mammal;t;3.17;;;;12;;;13;25;N;;;;;;0.5514;0.620390703;N;-1;-0.620390703;adults;yes;female;;2011;ear tissue;long;warm temperature;warmer temperature;abiotic environment;experimental;telomere shortening;qPCR;qPCR
165;10.1098/rsbl.2011.0758;captivity;Phodopus sungorus;mammal;;1;mammal;Regression t;0.39;0.15;;;25;;;;25;N;;t;2.6;;;0.4766;0.518575718;Y;-1;-0.518575718;adults;yes;female;;2011;ear tissue;long;low torpor frequency;wintering;activity;experimental;telomere shortening;qPCR;qPCR
166;10.1096/fj.07-099523;laboratory;Rattus norvegicus;mammal;;1;mammal;Means;0.417;;;;8;;;;8;N;;;;4;0.417;0.204110623;0.207018149;N;1;0.207018149;juveniles;yes;male;;2008;aortas;long;diet recuperation;recuperation;poor diet;experimental;telomere length;TRF;TRF
167;10.1096/fj.07-099523;laboratory;Rattus norvegicus;mammal;;1;mammal;Means;0.708;;;;8;;;;8;N;;;;4;0.708;0.333707537;0.346994628;N;1;0.346994628;juveniles;yes;male;;2008;aortas;long;low protein diet;food restriction;poor diet;experimental;telomere length;TRF;TRF
168;10.1096/fj.07-099523;laboratory;Rattus norvegicus;mammal;;1;mammal;Means;0.72;;;;8;;;;8;N;;;;4;0.72;0.338719468;0.35264533;N;-1;-0.35264533;adults;yes;male;;2008;aortas;long;diet recuperation;recuperation;poor diet;experimental;telomere length;TRF;TRF
169;10.1096/fj.07-099523;laboratory;Rattus norvegicus;mammal;;1;mammal;Means;-0.642;;;;8;;;;8;N;;;;4;-0.642;-0.305639306;0.315728266;N;-1;-0.315728266;adults;yes;male;;2008;aortas;long;low protein diet;food restriction;poor diet;experimental;telomere length;TRF;TRF
170;10.1096/fj.07-099523;laboratory;Rattus norvegicus;mammal;;1;mammal;Means;1.364;;;;8;;;;8;N;;;;4;1.364;0.563439362;0.637858054;N;1;0.637858054;juveniles;yes;male;;2008;aortas;long;diet recuperation;recuperation;poor diet;experimental;telomere length;TRF;TRF
171;10.1096/fj.07-099523;laboratory;Rattus norvegicus;mammal;;1;mammal;Means;-0.181;;;;8;;;;8;N;;;;4;-0.181;-0.090131652;0.090376917;N;-1;-0.090376917;juveniles;yes;male;;2008;aortas;long;low protein diet;food restriction;poor diet;experimental;telomere length;TRF;TRF
172;10.1096/fj.07-099523;laboratory;Rattus norvegicus;mammal;;1;mammal;Means;1.446;;;;8;;;;8;N;;;;4;1.446;0.585904708;0.671407098;N;1;0.671407098;adults;yes;male;;2008;aortas;long;diet recuperation;recuperation;poor diet;experimental;telomere length;TRF;TRF
173;10.1096/fj.07-099523;laboratory;Rattus norvegicus;mammal;;1;mammal;Means;4.831;;;;8;;;;8;N;;;;4;4.831;0.923951579;1.615383103;N;1;1.615383103;adults;yes;male;;2008;aortas;long;low protein diet;food restriction;poor diet;experimental;telomere length;TRF;TRF
174;10.1096/fj.07-099523;laboratory;Rattus norvegicus;mammal;;1;mammal;Means;-1.408;;;;8;;;;8;N;;;;4;-1.408;-0.575655433;0.655940415;N;-1;-0.655940415;juveniles;yes;male;;2008;aortas;long;diet recuperation;recuperation;poor diet;experimental;telomere length;TRF;TRF
175;10.1096/fj.07-099523;laboratory;Rattus norvegicus;mammal;;1;mammal;Means;0.315;;;;8;;;;8;N;;;;4;0.315;0.155582117;0.156855999;N;1;0.156855999;juveniles;yes;male;;2008;aortas;long;low protein diet;food restriction;poor diet;experimental;telomere length;TRF;TRF
176;10.1096/fj.07-099523;laboratory;Rattus norvegicus;mammal;;1;mammal;Means;-1.14;;;;8;;;;8;N;;;;4;-1.14;-0.495203044;0.542930505;N;-1;-0.542930505;adults;yes;male;;2008;aortas;long;diet recuperation;recuperation;poor diet;experimental;telomere length;TRF;TRF
177;10.1096/fj.07-099523;laboratory;Rattus norvegicus;mammal;;1;mammal;Means;-1.149;;;;8;;;;8;N;;;;4;-1.149;-0.498145267;0.546836216;N;-1;-0.546836216;adults;yes;male;;2008;aortas;long;low protein diet;food restriction;poor diet;experimental;telomere length;TRF;TRF
178;10.1096/fj.07-099523;laboratory;Rattus norvegicus;mammal;;1;mammal;Means;-1.185;;;;8;;;;8;N;;;;4;-1.185;-0.509743433;0.562383071;N;-1;-0.562383071;juveniles;yes;male;;2008;aortas;long;diet recuperation;recuperation;poor diet;experimental;telomere length;TRF;TRF
179;10.1096/fj.07-099523;laboratory;Rattus norvegicus;mammal;;1;mammal;Means;-1.912;;;;8;;;;8;N;;;;4;-1.912;-0.691025679;0.849916183;N;-1;-0.849916183;juveniles;yes;male;;2008;aortas;long;low protein diet;food restriction;poor diet;experimental;telomere length;TRF;TRF
180;10.1096/fj.07-099523;laboratory;Rattus norvegicus;mammal;;1;mammal;Means;1.285;;;;8;;;;8;N;;;;4;1.285;0.540544967;0.604925216;N;1;0.604925216;adults;yes;male;;2008;aortas;long;diet recuperation;recuperation;poor diet;experimental;telomere length;TRF;TRF
181;10.1096/fj.07-099523;laboratory;Rattus norvegicus;mammal;;1;mammal;Means;3.604;;;;8;;;;8;N;;;;4;3.604;0.874386062;1.351411614;N;1;1.351411614;adults;yes;male;;2008;aortas;long;low protein diet;food restriction;poor diet;experimental;telomere length;TRF;TRF
182;10.1371/journal.pone.0093839;captivity;Psittacus erithacus;bird;;Psittacus erithacus erithacus;bird;Regression t;0.2274;0.049;;;26;;;19;45;N;;t;4.640816327;;;0.5776;0.658853626;N;-1;-0.658853626;adults;yes;both;;2014;blood;short;social isolation;social isolation;competition;experimental;telomere length;qPCR;qPCR
183;10.1371/journal.pone.0002143;laboratory;Mus musculus;mammal;;Mus musculus musculus;mammal;Means;;;-0.058;0.1910602;24;0.034;0.09308061;24;48;N;0.150279739;;;4;0.61219164;0.292690991;0.301506862;N;-1;-0.301506862;juveniles;yes;male;;2008;blood;short;Salmonella infection;parasitism;parasitism;experimental;telomere shortening;qPCR;qPCR
184;10.1371/journal.pone.0002143;laboratory;Mus musculus;mammal;;Mus musculus musculus;mammal;Means;;;-0.012;0.05731806;24;0.009;0.034292856;24;48;N;0.047230075;;;4;0.444631942;0.217017665;0.220524237;N;-1;-0.220524237;juveniles;yes;female;;2008;blood;short;Salmonella infection;parasitism;parasitism;experimental;telomere shortening;qPCR;qPCR
185;10.1086/687378;laboratory;Acipenser baerii;fish;using A. fulvescens;1;fish;Regression F;5.86;;;;18;;;18;36;N;;t;2.420743687;;;0.3833;0.403922273;N;-1;-0.403922273;juveniles;yes;both;no;2016;blood;short;heat stress;heat stress;abiotic environment;experimental;telomere length;qPCR;qPCR
186;10.1093/icb/icw044;wild;Tachycineta bicolor;bird;;1;bird;Correlation;-0.372;;;;82;;;;82;N;;;;;;-0.372;0.390742321;N;-1;-0.390742321;adults;no;both;yes;2016;blood;short;high brood mass;reproduction;reproductive effort;correlative;telomere length;TRF;TRF
187;10.1098/rsbl.2016.0155;wild;Parus major;bird;;1;bird;Regression F;4.6;;;;78;;;78;156;N;;t;2.144761059;;;0.1699;0.171563689;N;-1;-0.171563689;juveniles;yes;both;yes;2016;blood;short;high urbanisation level;urbanisation;human disturbance;experimental;telomere length;qPCR;qPCR
188;10.1038/srep40794;captivity;Sturnus vulgaris;bird;;1;bird;Means;;;-1.307692;5.281802;16;1.928571;1.730464;16;32;N;3.930136004;;;4;0.823448094;0.380717658;0.400898696;N;-1;-0.400898696;juveniles;yes;both;yes;2017;blood;short;food restriction;food restriction;poor diet;experimental;telomere shortening;;qPCR
189;10.1038/srep40794;captivity;Sturnus vulgaris;bird;;1;bird;Means;;;-0.3571429;5.485746;16;1.1538462;1.772294;16;32;N;4.076422157;;;4;0.370665511;0.182229547;0.184287851;N;-1;-0.184287851;juveniles;yes;both;yes;2017;blood;short;high begging frequency;begging;poor diet;experimental;telomere shortening;;qPCR
190;10.1038/srep40794;captivity;Sturnus vulgaris;bird;;1;bird;Means;;;-1.5;2.848751;16;0;1.825742;16;32;N;2.392563072;;;4;0.62694272;0.2991193;0.308552083;N;-1;-0.308552083;juveniles;yes;both;yes;2017;blood;short;diet recuperation;recuperation;poor diet;experimental;telomere shortening;;qPCR
191;10.1038/srep40794;captivity;Sturnus vulgaris;bird;;1;bird;Means;;;-0.7692308;2.350668;16;-0.7857143;2.694112;16;32;N;2.528228581;;;4;0.006519782;0.003259874;0.003259885;N;-1;-0.003259885;juveniles;yes;both;yes;2017;blood;short;diet recuperation;recuperation;poor diet;experimental;telomere shortening;;qPCR
192;10.1093/conphys/cow073;wild;Fregata magnificens;bird;;1;bird;Regression F;2.72;;;;31;;;;31;N;;t;1.64924225;;;0.293;0.301844856;N;1;0.301844856;juveniles;no;both;yes;2017;blood;short;herpesvirus prevalence;;parasitism;correlative;telomere length;;TRF
193;10.1007/s00265-016-2226-8;laboratory;Taeniopygia guttata;bird;;1;bird;Regression t;-0.1;0.06;;;71;;;;71;N;;t;-1.666666667;;;0.1948;0.197321696;N;-1;-0.197321696;adults;yes;both;yes;2016;blood;short;large brood size;;reproductive effort;experimental;telomere shortening;;qPCR
194;10.1002/ece3.2551;wild;Sturnus vulgaris;bird;;1;bird;Correlation;0.5882;;;;17;;;;17;N;;;;;;0.5882;0.674909392;N;-1;-0.674909392;juveniles;yes;both;yes;2016;blood;short;relative low body size;relative size (in broods of 6);competition;correlative;telomere shortening;;qPCR
195;10.1002/ece3.2551;wild;Sturnus vulgaris;bird;;1;bird;Correlation;-0.1244;;;;155;;;;155;N;;;;;;-0.1244;0.125047737;N;1;0.125047737;juveniles;yes;both;yes;2016;blood;short;large brood size;brood size;competition;correlative;telomere shortening;;qPCR
196;10.1111/ibi.12402;wild;Hydrobates pelagicus;bird;;1;bird;Regression t;-0.014;0.02;;;26;;;;26;N;;t;-0.7;;;0.1415;0.142455893;Y;-1;-0.142455893;adults;yes;both;yes;2016;blood;short;handling;handling;human disturbance;experimental;telomere length;;qPCR
197;10.1002/ecs2.1544;wild;Vultur gryphus;bird;;1;bird;Correlation;0.9913;;;;11;;;;11;N;;;;;;0.9913;2.716609973;N;-1;-2.716609973;adults;no;female;;2016;blood;short;long distance to the feeding areas ;distance of the nest to the feeding areas;reproductive effort;correlative;telomere length;;qPCR
198;10.1002/ecs2.1544;wild;Vultur gryphus;bird;;1;bird;Correlation;-0.9951;;;;9;;;;9;N;;;;;;-0.9951;3.004607124;N;1;3.004607124;adults;no;male;;2016;blood;short;long distance to the feeding areas ;distance of the nest to the feeding areas;reproductive effort;correlative;telomere length;;qPCR
199;10.1642/AUK-16-56.1;wild;Junco hyemalis;bird;;1;bird;Regression F;4.32;;;;32;;;;32;N;;t;2.078460969;;;0.3535;0.369437955;N;-1;-0.369437955;adults;yes;both;yes;2016;blood;short;migration;migratory behaviour;activity;correlative;telomere length;;qPCR
200;10.1098/rspb.2016.1184;captivity;Carduelis spinus;bird;;Pinus pinus;bird;Regression F;12.66;;;;39;;;;39;N;;t;3.558089375;;;0.5051;0.556129449;Y;-1;-0.556129449;juveniles;no;both;yes;2016;blood;short;malaria infection intensity;;parasitism;experimental;telomere shortening;;qPCR
201;10.1098/rspb.2016.1184;captivity;Carduelis spinus;bird;;Pinus pinus;bird;Regression t;2.9;;;;13;;;;13;N;;;;;;;0.7918;Y;-1;-0.7918;juveniles;no;both;yes;2016;blood;short;malaria infection;;parasitism;experimental;telomere length;;qPCR
202;10.1098/rspb.2016.1184;captivity;Carduelis spinus;bird;;Pinus pinus;bird;Regression t;6.93;;;;13;;;;13;N;;;;;;;1.4855;Y;-1;-1.4855;juveniles;no;both;yes;2016;liver;medium;malaria infection;;parasitism;experimental;telomere length;;qPCR
203;10.1098/rspb.2016.1184;captivity;Carduelis spinus;bird;;Pinus pinus;bird;Regression t;4.01;;;;13;;;;13;N;;;;;;;1.024;Y;-1;-1.024;juveniles;no;both;yes;2016;lung;short;malaria infection;;parasitism;experimental;telomere length;;qPCR
204;10.1098/rspb.2016.1184;captivity;Carduelis spinus;bird;;Pinus pinus;bird;Regression t;5.02;;;;13;;;;13;N;;;;;;;1.2048;Y;-1;-1.2048;juveniles;no;both;yes;2016;heart;long;malaria infection;;parasitism;experimental;telomere length;;qPCR
205;10.1098/rspb.2016.1184;captivity;Carduelis spinus;bird;;Pinus pinus;bird;Regression t;2.38;;;;13;;;;13;N;;;;;;;0.6688;Y;-1;-0.6688;juveniles;no;both;yes;2016;kidney;medium;malaria infection;;parasitism;experimental;telomere length;;qPCR
206;10.1098/rspb.2016.1184;captivity;Carduelis spinus;bird;;Pinus pinus;bird;Regression t;4.01;;;;13;;;;13;N;;;;;;;1.024;Y;-1;-1.024;juveniles;no;both;yes;2016;spleen;short;malaria infection;;parasitism;experimental;telomere length;;qPCR
207;10.1098/rspb.2016.1184;captivity;Carduelis spinus;bird;;Pinus pinus;bird;Regression t;3.7;;;;13;;;;13;N;;;;;;;0.963;Y;-1;-0.963;juveniles;no;both;yes;2016;brain;long;malaria infection;;parasitism;experimental;telomere length;;qPCR
208;10.1371/journal.pone.0167261;wild;Larus crassirostris;bird;;1;bird;t;3.73;;;;41;;;;41;N;;;;;;;0.6043;N;-1;-0.6043;juveniles;yes;both;yes;2016;blood;short;large brood size;brood size;competition;correlative;telomere shortening;;TRF
209;10.1371/journal.pone.0167261;wild;Larus crassirostris;bird;;1;bird;t;2.78;;;;14;;;;14;N;;;;;;;0.7636;N;-1;-0.7636;juveniles;yes;both;yes;2016;blood;short;high sibling rank;sibling order;competition;correlative;telomere shortening;;TRF
210;10.1371/journal.pone.0167261;wild;Larus crassirostris;bird;;1;bird;t;2.15;;;;14;;;;14;N;;;;;;;0.41;N;-1;-0.41;juveniles;yes;both;yes;2016;blood;short;high sibling rank;sibling order;competition;correlative;telomere length;;TRF
211;10.1371/journal.pone.0167261;wild;Larus crassirostris;bird;;1;bird;t;3.28;;;;41;;;;41;N;;;;;;;0.538;N;-1;-0.538;juveniles;yes;both;yes;2016;blood;short;large brood size;brood size;competition;correlative;telomere length;;TRF
212;10.1111/mec.13857;laboratory;Salmo salar;fish;;1;fish;Regression F;13.02;;;;732;;;;732;N;;t;3.608323711;;;0.1324;0.133181887;Y;-1;-0.133181887;juveniles;yes;both;no;2016;all tissues;medium;low temperature;temperature;abiotic environment;correlative;telomere length;;qPCR
213;10.1111/mec.13857;laboratory;Salmo salar;fish;;1;fish;Regression F;8.51;;;;733;;;;733;N;;t;2.917190429;;;0.107;0.107411176;Y;-1;-0.107411176;juveniles;yes;both;no;2016;all tissues;medium;high fry density;fry density;competition;correlative;telomere length;;qPCR
214;10.1016/j.neuroscience.2016.07.033;laboratory;Danio rerio;fish;;1;fish;Regression F;5.28;;;;19;;;;19;N;;t;2.297825059;;;0.4872;0.532382265;Y;-1;-0.532382265;adults;yes;both;no;2016;brain;long;food restriction;food restriction;poor diet;experimental;telomere length;;qPCR
215;10.1016/j.neuroscience.2016.07.033;laboratory;Danio rerio;fish;;1;fish;Regression F;0.8;;;;19;;;;19;N;;t;0.894427191;;;0.2119;0.215159835;Y;-1;-0.215159835;adults;yes;both;no;2016;spleen;short;food restriction;food restriction;poor diet;experimental;telomere length;;qPCR
216;10.1016/j.neuroscience.2016.07.033;laboratory;Danio rerio;fish;;1;fish;Pval;0.16;;;;19;;;;19;;;t;-2.04;;;0.423882892;0.452415949;Y;-1;-0.452415949;adults;yes;both;no;2016;muscle;long;food restriction;food restriction;poor diet;experimental;telomere length;;qPCR
217;10.1016/j.neuroscience.2016.07.033;laboratory;Danio rerio;fish;;1;fish;Pval;0.95;;;;19;;;;19;;;t;3.47;;;0.622819673;0.729598531;Y;-1;-0.729598531;adults;yes;both;no;2016;tail;short;food restriction;food restriction;poor diet;experimental;telomere length;;qPCR
218;10.1016/j.neuroscience.2016.07.033;laboratory;Danio rerio;fish;;1;fish;Regression F;1.022;;;;19;;;;19;N;;t;1.010940156;;;0.2401;0.244880227;Y;-1;-0.244880227;adults;yes;both;no;2016;brain;long;food restriction;food restriction;poor diet;experimental;telomere length;;TRF
219;10.7717/peerj.3094;laboratory;Taeniopygia guttata;bird;;1;bird;Regression F;1.375;;;;40;;;;40;N;;t;1.17260394;;;0.1865;0.188708575;Y;1;0.188708575;adults;yes;both;yes;2017;blood;short;fluctuating diet;;poor diet;experimental;telomere shortening;;qPCR
220;10.7717/peerj.3094;laboratory;Taeniopygia guttata;bird;;1;bird;Regression F;0.694;;;;40;;;;40;N;;t;0.833066624;;;0.1334;0.134199867;Y;1;0.134199867;adults;yes;both;yes;2017;blood;short;large brood size;;reproductive effort;experimental;telomere shortening;;qPCR
221;10.1098/rspb.2016.2146;captivity;Thamnophis sirtalis;reptile;;Thamnophis sirtalis parietalis;reptile;Regression F;10.564;;;;72;;;;72;N;;t;3.250230761;;;0.3621;0.379300687;Y;-1;-0.379300687;adults;yes;both;yes;2017;blood;short;low body condition;;low body condition;correlative;telomere shortening;;qPCR
222;10.1098/rspb.2016.2146;captivity;Thamnophis sirtalis;reptile;;Thamnophis sirtalis parietalis;reptile;Regression F;0.057;;;;72;;;;72;N;;t;0.238746728;;;0.0284;0.028407639;Y;1;0.028407639;adults;yes;both;yes;2017;blood;short;high body size;;development;correlative;telomere shortening;;qPCR
223;10.1111/mec.14121;wild;Rissa tridactyla;bird;;1;bird;Means;;;-0.0381;0.2067;35;-0.0983;0.2298;44;79;N;0.219899386;;;4.052597403;0.273761565;0.134749351;0.135573918;N;-1;-0.135573918;juveniles;yes;both;yes;2017;blood;short;low food availability;poorer diet;poor diet;experimental;telomere shortening;;TRF
224;10.1111/mec.14121;wild;Rissa tridactyla;bird;;1;bird;Means;;;0.0231;0.1838;45;-0.1186;0.2212;30;75;N;0.199498725;;;4.166666667;0.710280228;0.328637514;0.341300031;N;-1;-0.341300031;juveniles;yes;both;yes;2017;blood;short;large brood size;brood size;competition;experimental;telomere shortening;;TRF
225;10.1111/mec.14121;wild;Rissa tridactyla;bird;;1;bird;Means;;;-0.103;0.2359;28;-0.0353;0.2036;39;67;N;0.217599857;;;4.110805861;0.311121528;0.151674549;0.152853972;N;1;0.152853972;juveniles;yes;both;yes;2017;blood;short;high hatching rank;hatching order;competition;correlative;telomere shortening;;TRF
226;10.1093/beheco/arw147;wild;Hirundo rustica;bird;;1;bird;Regression F;6.32;;;;105;;;;105;N;;t;2.513961018;;;0.2401;0.244880227;N;-1;-0.244880227;juveniles;yes;both;yes;2017;blood;short;large brood size;brood size;competition;experimental;telomere length;;qPCR
227;10.1093/beheco/arw147;wild;Hirundo rustica;bird;;1;bird;Correlation;-0.563;;;;24;;;;24;N;;;;;;-0.563;0.637214568;N;-1;-0.637214568;juveniles;yes;both;yes;2017;blood;short;low plumage dakness;visible colouration;low body condition;correlative;telomere length;;qPCR
228;10.1093/beheco/arw147;wild;Hirundo rustica;bird;;1;bird;Correlation;-0.23;;;;24;;;;24;N;;;;;;-0.23;0.234189467;N;-1;-0.234189467;juveniles;yes;both;yes;2017;blood;short;low plumage dakness;visible colouration;low body condition;correlative;telomere length;;qPCR
229;10.1093/beheco/arw147;wild;Hirundo rustica;bird;;1;bird;Correlation;-0.426;;;;24;;;;24;N;;;;;;-0.426;0.454999602;N;-1;-0.454999602;juveniles;yes;both;yes;2017;blood;short;poor UV colouration;ultraviolet colouration;low body condition;correlative;telomere length;;qPCR
230;10.1093/beheco/arw147;wild;Hirundo rustica;bird;;1;bird;Correlation;-0.222;;;;101;;;;101;N;;;;;;-0.222;0.225758808;N;-1;-0.225758808;juveniles;yes;both;yes;2017;blood;short;poor UV colouration;ultraviolet colouration;low body condition;correlative;telomere length;;qPCR
231;10.1093/beheco/arw147;wild;Hirundo rustica;bird;;1;bird;Correlation;-0.231;;;;24;;;;24;N;;;;;;-0.231;0.235245578;N;1;0.235245578;juveniles;yes;both;yes;2017;blood;short;low body mass;body mass;low body condition;correlative;telomere length;;qPCR
232;10.1093/beheco/arw147;wild;Hirundo rustica;bird;;1;bird;Correlation;-0.09;;;;97;;;;97;N;;;;;;-0.09;0.090244188;N;1;0.090244188;juveniles;yes;both;yes;2017;blood;short;low body mass;body mass;low body condition;correlative;telomere length;;qPCR
233;10.1093/beheco/arw147;wild;Hirundo rustica;bird;;1;bird;Correlation;-0.427;;;;24;;;;24;N;;;;;;-0.427;0.45622195;N;-1;-0.45622195;juveniles;yes;both;yes;2017;blood;short;high tarsus length;tarsus length;development;correlative;telomere length;;qPCR
234;10.1093/beheco/arw147;wild;Hirundo rustica;bird;;1;bird;Correlation;-0.215;;;;103;;;;103;N;;;;;;-0.215;0.218407819;N;-1;-0.218407819;juveniles;yes;both;yes;2017;blood;short;high tarsus length;tarsus length;development;correlative;telomere length;;qPCR
235;10.1016/j.jtherbio.2018.01.004;captivity;Agama agama;reptile;;Phrynocephalus przewalskii;reptile;Means;;;1.61;0.758946638;10;1.06;0.474341649;10;20;N;0.632850693;;;0.957746479;0.832361517;0.39269214;0.414979049;N;1;0.414979049;adults;no;both;no;2018;heart;long;high temperature;;abiotic environment;experimental;telomere length;;qPCR
236;10.1016/j.jtherbio.2018.01.004;captivity;Agama agama;reptile;;Phrynocephalus przewalskii;reptile;Means;;;0.4;0.221359436;10;1.06;0.474341649;10;20;N;0.37013511;;;0.957746479;1.707789016;0.658963418;0.790979245;N;-1;-0.790979245;adults;no;both;no;2018;heart;long;heat wave;;abiotic environment;experimental;telomere length;;qPCR
237;10.1007/s00442-017-3913-5;captivity;Pungitius pungitius;fish;;1;fish;Means;;;0.092;0.362;43;-0.052;0.356;40;83;Y;0.359123625;;;0.990712074;0.39725189;0.195835921;0.198398705;N;1;0.198398705;both;no;both;yes;2017;brain;long;high temperature;;abiotic environment;experimental;telomere length;;qPCR
238;10.1007/s00442-017-3913-5;captivity;Pungitius pungitius;fish;;1;fish;Correlation;;;;;83;;;;83;Y;;;;;;0.07;0.070114671;N;-1;-0.070114671;both;no;both;yes;2017;brain;long;maturation;;reproductive effort;experimental;telomere length;;qPCR
239;10.1098/rsbl.2017.0434;wild;Capreolus capreolus;mammal;;1;mammal;Means;;;1.03;0.183;61;1.1;0.169;68;129;Y;0.175753205;;;0.99408284;0.395929047;0.194647915;0.197163618;N;-1;-0.197163618;adults;yes;both;yes;2017;leukocytes;short;poor habitat quality;;abiotic environment;correlative;telomere length;;qPCR
240;10.1098/rsbl.2017.0434;wild;Capreolus capreolus;mammal;;1;mammal;Correlation;;;;;129;;;;129;Y;;;;;;-0.082;0.082184534;N;1;0.082184534;adults;yes;both;yes;2017;leukocytes;short;low body condition;;low body condition;correlative;telomere length;;qPCR
241;10.1038/s41598-019-42804-8;wild;Ctenomys torquatus;mammal;;1;mammal;Pval;0.01;;;;66;;;;66;N;;t;-2.65;;;0.314447319;0.32547311;Y;-1;-0.32547311;both;no;both;no;2019;all tissues;long;high coal exposure;;human disturbance;correlative;telomere length;;qPCR
242;10.1016/j.scitotenv.2018.12.469;wild;Parus major;bird;;1;bird;Means;;;1.56;1.426866694;93;1.48;1.464356821;113;206;N;1.447569715;;;0.996319018;0.055061612;0.027457141;0.027464044;N;1;0.027464044;juveniles;yes;both;yes;2019;blood;short;high light pollution;;human disturbance;experimental;telomere length;;qPCR
243;10.1016/j.scitotenv.2018.12.469;wild;Parus major;bird;;1;bird;Regression t;3.043;;;;206;;;;206;N;;t;3.043;;;0.208375859;0.211472881;Y;-1;-0.211472881;juveniles;yes;both;yes;2019;blood;short;low body condition;;low body condition;correlative;telomere length;;qPCR
244;10.1016/j.scitotenv.2018.12.469;wild;Parus major;bird;;1;bird;Regression t;0.412;;;;206;;;;206;N;;t;0.412;;;0.028833776;0.028841771;Y;-1;-0.028841771;juveniles;yes;both;yes;2019;blood;short;low relative size;;competition;correlative;telomere length;;qPCR
245;10.1098/rsbl.2018.0637;wild;Parus caeruleus;bird;;Cyanistes caeruleus;bird;Regression b;0.293;0.132;;;48;;;;48;N;;t;2.21969697;;;0.311042268;0.321698901;Y;-1;-0.321698901;adults;yes;both;yes;2019;blood;short;high fledging number;;reproductive effort;correlative;telomere shortening;;qPCR
246;10.1038/s41467-019-09229-3;wild;Acrocephalus sechellensis;bird;;1;bird;Means;;;-0.17;0.48;36;0.19;0.367423461;6;42;Y;0.467413094;;;0.981132075;0.75566464;0.258533908;0.264536663;N;-1;-0.264536663;adults;yes;female;;2019;blood;short;low helper presence;;reproductive effort;correlative;telomere shortening;;qPCR
247;10.1038/s41467-019-09229-3;wild;Acrocephalus sechellensis;bird;;1;bird;Means;;;-0.02;0.370809924;55;0.023;0.404064351;17;72;Y;0.378668494;;;0.989247312;0.11233476;0.047987037;0.048023922;N;-1;-0.048023922;adults;yes;male;;2019;blood;short;low helper presence;;reproductive effort;correlative;telomere shortening;;qPCR
248;10.1111/1365-2656.12927;captivity;Gasterosteus aculeatus;fish;;1;fish;Means;;;1.02;0.1356466;46;1.02;0.196723156;43;89;Y;0.167928556;;;0.991354467;0;0;0;N;-1;0;adults;yes;male;;2019;muscle ;long;high winter temperature;;abiotic environment;experimental;telomere length;;qPCR
249;10.1111/1365-2656.12927;captivity;Gasterosteus aculeatus;fish;;1;fish;Means;;;1.104;0.217034559;46;1.152;0.198997487;44;90;Y;0.208416105;;;0.991452991;0.228340049;0.114032569;0.114530733;N;-1;-0.114530733;adults;yes;male;;2019;sperm;short;high winter temperature;;abiotic environment;experimental;telomere length;;qPCR
250;10.1111/jeb.13400;wild;Zonotrichia albicollis;bird;;1;bird;Regression t;-2.5;;;;218;;;;118;Y;;t;-2.5;;;0.226107816;0.230083743;Y;-1;-0.230083743;juveniles;yes;both;yes;2019;red blood cells;short;high growth rate;;development;correlative;telomere length;;qPCR
251;10.1111/jeb.13400;wild;Zonotrichia albicollis;bird;;1;bird;Regression t;1.27;;;;218;;;;118;Y;;t;1.27;;;0.117105217;0.117644977;Y;1;0.117644977;juveniles;yes;both;yes;2019;red blood cells;short;low relative size;;competition;correlative;telomere length;;qPCR
252;10.1111/jeb.13400;wild;Zonotrichia albicollis;bird;;1;bird;Regression t;-0.978;;;;218;;;;118;y;;t;-0.978;;;0.090432951;0.090680692;Y;-1;-0.090680692;juveniles;yes;both;yes;2019;red blood cells;short;large brood size;;competition;correlative;telomere length;;qPCR
253;10.1111/jeb.13400;wild;Zonotrichia albicollis;bird;;1;bird;Regression t;0.546;;;;218;;;;118;Y;;t;0.546;;;0.050629811;0.050673138;Y;1;0.050673138;juveniles;yes;both;yes;2019;red blood cells;short;late nest date;;parental effect;correlative;telomere length;;qPCR
254;10.1038/s41598-017-07201-z;captivity;Pelobates_cultripes_ott703772;amphibian;;Pelobates cultripes;amphibian;ChiSq;0.422;;;;324;;;;324;N;;chisq;0.422;;;0.036089737;0.036105418;Y;1;0.036105418;juveniles;yes;both;no;2017;muscle ;long;pond drying;;abiotic environment;experimental;telomere length;;qPCR
255;10.1038/s41598-017-07201-z;captivity;Pelobates_cultripes_ott703772;amphibian;;Pelobates cultripes;amphibian;ChiSq;6.892;;;;324;;;;324;N;;chisq;0.892;;;0.052469862;0.052518093;Y;-1;-0.052518093;juveniles;yes;both;no;2017;muscle ;long;predator exposure;;abiotic environment;experimental;telomere length;;qPCR
256;10.1038/s41598-017-07201-z;captivity;Pelobates_cultripes_ott703772;amphibian;;Pelobates cultripes;amphibian;Correlation;;;;;324;;;;324;N;;;;;;-0.264575131;0.271021547;N;-1;-0.271021547;juveniles;yes;both;no;2017;muscle ;long;high growth rate;;development;correlative;telomere length;;qPCR
261;10.1111/mec.14952;wild;Junco hyemalis;bird;;1;bird;F;1.94;;;;106;;;;106;N;;t;1.392838828;;;0.135322771;0.136157988;Y;-1;-0.136157988;adults;no;female;;2019;blood;short;high egg number;;reproductive effort;correlative;telomere shortening;;qPCR
262;10.1111/mec.14952;wild;Junco hyemalis;bird;;1;bird;F;0.97;;;;106;;;;106;N;;t;0.98488578;;;0.096128744;0.096426497;Y;1;0.096426497;adults;no;female;;2019;blood;short;high fledging number;;reproductive effort;correlative;telomere shortening;;qPCR
263;10.1111/mec.14952;wild;Junco hyemalis;bird;;1;bird;Correlation;;;;;89;;;;89;N;;;;;;0.16;0.161386696;N;-1;-0.161386696;adults;no;female;;2019;blood;short;cold temperature;;abiotic environment;correlative;telomere shortening;;qPCR
264;10.1111/mec.14953;wild;Junco hyemalis;bird;;1;bird;Correlation;;;;;106;;;;106;N;;;;;;0.3;0.309519604;N;-1;-0.309519604;adults;no;female;;2020;blood;short;breeding date;;reproductive effort;correlative;telomere shortening;;qPCR
265;10.1098/rspb.2017.1383;wild;Suricata suricatta;mammal;;1;mammal;Pval;0.018;;;;230;;;;230;N;;t;-4.22;;;0.269162213;0.275960379;Y;-1;-0.275960379;juveniles;yes;both;yes;2017;skin;short;high number of pups;;competition;correlative;telomere length;;qPCR
266;10.1098/rspb.2017.1383;wild;Suricata suricatta;mammal;;1;mammal;Means;;;0.897;0.103;20;1.007;0.159;210;230;N;0.15510749;;;0.996706915;0.706850204;0.195743209;0.198302297;N;-1;-0.198302297;juveniles;yes;both;yes;2017;skin;short;low mother social status;;parental effect;correlative;telomere length;;qPCR
267;10.1098/rspb.2017.1383;wild;Suricata suricatta;mammal;;1;mammal;Correlation;;;;;230;;;;230;N;;;;;;-0.076;0.076146835;N;-1;-0.076146835;juveniles;yes;both;yes;2017;skin;short;number of helpers;;parental effect;correlative;telomere length;;qPCR
268;10.1098/rspb.2017.1383;wild;Suricata suricatta;mammal;;1;mammal;Correlation;;;;;230;;;;230;N;;;;;;-0.083;0.083191387;N;-1;-0.083191387;juveniles;yes;both;yes;2017;skin;short;low rainfall;;abiotic environment;correlative;telomere length;;qPCR
269;10.1098/rspb.2017.1383;wild;Suricata suricatta;mammal;;1;mammal;Correlation;;;;;230;;;;230;N;;;;;;-0.172;0.173726908;N;1;0.173726908;juveniles;yes;both;yes;2017;skin;short;low mother mass;;parental effect;correlative;telomere length;;qPCR
270;10.1111/jav.01686;wild;Sturnus unicolor;bird;;1;bird;F;0.7;;;;47;;;;47;N;;t;0.836660027;;;0.123763026;0.124400803;Y;1;0.124400803;juveniles;yes;both;no;2018;blood;short;late hatching date;;parental effect;correlative;telomere length;;qPCR
271;10.1111/jav.01686;wild;Sturnus unicolor;bird;;1;bird;F;4.28;;;;47;;;;47;N;;t;2.068816087;;;0.294704342;0.303710277;Y;-1;-0.303710277;juveniles;yes;both;no;2018;blood;short;late hatching date;;parental effect;correlative;telomere length;;qPCR
272;10.1007/s10682-017-9885-4;wild;Ursus americanus;mammal;;1;mammal;Correlation;;;;;195;;;;195;N;;;;;;-0.2;0.202732554;N;1;0.202732554;both;yes;both;yes;2017;skin;short;low habitat productivity;;abiotic environment;correlative;telomere length;;qPCR
273;10.1007/s10682-017-9885-4;wild;Ursus americanus;mammal;;1;mammal;Correlation;;;;;195;;;;195;N;;;;;;-0.09591663;0.096212409;N;-1;-0.096212409;both;yes;both;yes;2017;skin;short;high housing density;;human disturbance;correlative;telomere length;;qPCR
274;10.1007/s10682-017-9885-4;wild;Ursus americanus;mammal;;1;mammal;Correlation;;;;;195;;;;195;N;;;;;;-0.316227766;0.32745015;N;1;0.32745015;both;yes;both;yes;2017;skin;short;low latitude;;abiotic environment;correlative;telomere length;;qPCR
275;10.1007/s10682-017-9885-4;wild;Ursus americanus;mammal;;1;mammal;Correlation;;;;;195;;;;195;N;;;;;;0.031622777;0.031633324;N;-1;-0.031633324;both;yes;both;yes;2017;skin;short;low elevation;;abiotic environment;correlative;telomere length;;qPCR
276;10.1038/s41598-018-37164-8;wild;Clethrionomys_glareolus;mammal;;Myodes glareouls;mammal;Means;;;0.89;0.17;20;0.94;0.22;21;41;N;0.197230829;;;0.980645161;0.248603417;0.124824483;0.125478915;N;-1;-0.125478915;both;no;both;yes;2019;liver;long;high radiation exposure;;human disturbance;correlative;telomere length;;qPCR
277;10.1038/s41598-018-37164-8;wild;Clethrionomys_glareolus;mammal;;Myodes glareouls;mammal;Means;;;1.06;0.24;20;1.13;0.35;21;41;N;0.301466501;;;0.980645161;0.22770411;0.114474614;0.114978625;N;-1;-0.114978625;both;no;both;yes;2019;brain;long;high radiation exposure;;human disturbance;correlative;telomere length;;qPCR
278;10.1038/s41598-018-37164-8;wild;Clethrionomys_glareolus;mammal;;Myodes glareouls;mammal;Means;;;1.55;0.46;19;1.98;0.76;21;40;N;0.635792088;;;0.98013245;0.662884867;0.317858533;0.329263155;N;-1;-0.329263155;both;no;both;yes;2019;heart;long;high radiation exposure;;human disturbance;correlative;telomere length;;qPCR
279;10.1038/s41598-018-37164-8;wild;Clethrionomys_glareolus;mammal;;Myodes glareouls;mammal;Means;;;1.03;0.18;12;1.01;0.49;10;22;N;0.354774576;;;0.962025316;0.054233047;0.027629168;0.027636202;N;-1;-0.027636202;both;no;both;yes;2019;testis;short;high radiation exposure;;human disturbance;correlative;telomere length;;qPCR
280;10.1038/s41598-018-37164-8;wild;Clethrionomys_glareolus;mammal;;Myodes glareouls;mammal;Means;;;1.59;0.3;10;2.61;1.07;11;21;N;0.803249977;;;0.96;1.219047653;0.529307834;0.589183106;N;1;0.589183106;both;no;both;yes;2019;ovary;long;high radiation exposure;;human disturbance;correlative;telomere length;;qPCR
281;10.3389/fevo.2017.00079;wild;Parus major;bird;;1;bird;F;0.37;;;;424;;;;424;N;;t;0.608276253;;;0.029597452;0.029606099;Y;1;0.029606099;juveniles;yes;both;no;2017;red blood cells;short;high urbanisation;;human disturbance;correlative;telomere length;;qPCR
282;10.1111/jeb.13396;wild;Sturnus unicolor;bird;;1;bird;Regression b;-0.001;0.01;;;264;;;;264;N;;t;-0.1;;;0.006177903;0.006177981;Y;-1;-0.006177981;juveniles;yes;both;yes;2019;red blood cells;short;large brood size;;competition;experimental;telomere length;;qPCR
283;10.1074/jbc.RA117.000808;laboratory;Mus musculus;mammal;;1;mammal;Means;;;0.97;0.18973666;10;1.04;0.09486833;10;20;Y;0.15;;;0.957746479;0.446948357;0.223480804;0.227316915;N;-1;-0.227316915;juveniles;yes;male;;2018;leukocytes;short;high-fat high-sucrose diet;;poor diet;experimental;telomere length;;qPCR
284;10.1074/jbc.RA117.000808;laboratory;Mus musculus;mammal;;1;mammal;Means;;;0.9;0.212132034;18;0.94;0.127279221;18;36;Y;0.174928557;;;0.977777778;0.223583341;0.112655696;0.113135941;N;-1;-0.113135941;juveniles;yes;male;;2018;leukocytes;short;high-fat high-sucrose diet;;poor diet;experimental;telomere length;;qPCR
285;10.1016/j.envpol.2019.01.025;wild;Cepphus grylle;bird;;Cepphus grylle mandtii;bird;Regression t;;;;;11;;;;11;N;;t;-2.34;;;0.615031799;0.716974594;Y;-1;-0.716974594;adults;no;both;yes;2019;red blood cells;short;high total contaminant exposure;;human disturbance;correlative;telomere length;;qPCR
286;10.1016/j.envpol.2019.01.025;wild;Cepphus grylle;bird;;Cepphus grylle mandtii;bird;Correlation;;;;;11;;;;11;N;;;;;;-0.575;0.654960691;N;-1;-0.654960691;adults;no;both;yes;2019;red blood cells;short;high PCB exposure;;human disturbance;correlative;telomere length;;qPCR
287;10.1016/j.envpol.2019.01.025;wild;Cepphus grylle;bird;;Cepphus grylle mandtii;bird;COrrelation;;;;;11;;;;11;N;;;;;;-0.439;0.470991401;N;-1;-0.470991401;adults;no;both;yes;2019;red blood cells;short;high PBDE exposure;;human disturbance;correlative;telomere length;;qPCR
288;10.1016/j.envpol.2019.01.025;wild;Cepphus grylle;bird;;Cepphus grylle mandtii;bird;Regression t;;;;;11;;;;11;N;;t;-2.85;;;0.688749462;0.845572697;Y;-1;-0.845572697;adults;no;both;yes;2019;red blood cells;short;high OC exposure;;human disturbance;correlative;telomere length;;qPCR
289;10.1016/j.envpol.2019.01.025;wild;Cepphus grylle;bird;;Cepphus grylle mandtii;bird;Correlation;;;;;11;;;;11;N;;;;;;-0.565;0.640147536;N;-1;-0.640147536;adults;no;both;yes;2019;red blood cells;short;high PFAS exposure;;human disturbance;correlative;telomere length;;qPCR
290;10.1016/j.envpol.2019.01.025;wild;Cepphus grylle;bird;;Cepphus grylle mandtii;bird;Correlation;;;;;11;;;;11;N;;;;;;-0.383;0.403570654;N;-1;-0.403570654;adults;no;both;yes;2019;red blood cells;short;high mercury exposure;;human disturbance;correlative;telomere length;;qPCR
291;10.1111/1365-2435.13307;wild;Thalassarche melanophrys;bird;;1;bird;Regression b;0.996;0.285;;;61;;;;61;N;;t;3.494736842;;;0.414127692;0.440583143;Y;1;0.440583143;adults;no;both;yes;2019;blood;short;large body size;;development;correlative;telomere length;;TRF
292;10.1002/ece3.3128;wild;Spheniscus magellanicus;bird;;1;bird;Correlation;;;;;37;;;;37;N;;;;;;0.164316767;0.165820047;N;1;0.165820047;adults;yes;both;yes;2017;blood;short;high number of reproduction attempts;;reproductive effort;correlative;telomere length;;qPCR
293;10.1242/jeb.196030;captivity;Erythrura gouldiae;bird;;1;bird;Means;;;4.62;0.071414284;51;4.62;0.071414284;51;102;N;0.071414284;;;0.992481203;0;0;0;N;1;0;adults;yes;both;yes;2019;red blood cells;short;moulting;;development;experimental;telomere shortening;;TRF
294;10.1242/jeb.196030;captivity;Erythrura gouldiae;bird;;1;bird;Means;;;4.61;0.057445626;33;4.596;0.068934752;33;66;N;0.063450768;;;0.988235294;0.2180477;0.109202286;0.109639503;N;1;0.109639503;adults;yes;both;yes;2019;red blood cells;short;breeding;;reproductive effort;experimental;telomere shortening;;TRF
295;10.1098/rsbl.2017.0188;wild;Tachymarptis melba;bird;;Apus melba;bird;Correlation;;;;;98;;;;98;N;;;;;;-0.05;0.050041729;N;1;0.050041729;juveniles;yes;both;no;2017;blood;short;large brood size;;competition;experimental;telomere length;;qPCR
296;10.1098/rsbl.2017.0188;wild;Tachymarptis melba;bird;;Apus melba;bird;Correlation;;;;;98;;;;98;N;;;;;;0.09;0.090244188;N;-1;-0.090244188;juveniles;yes;both;no;2017;blood;short;late hatching date;;parental effect;correlative;telomere length;;qPCR
297;10.1098/rspb.2017.1127;wild;Strix aluco;bird;;1;bird;Means;;;1.095;0.853;128;1.754;0.913;30;158;N;0.864469023;;;0.995184591;0.758646785;0.286018395;0.294224505;N;-1;-0.294224505;adults;yes;both;yes;2017;blood;short;haemosporidian prevalence;;parasitism;correlative;telomere length;;qPCR
298;10.1098/rspb.2017.1127;wild;Strix aluco;bird;;1;bird;Correlation;;;;;158;;;;158;N;;;;;;-0.06;0.060072156;N;-1;-0.060072156;adults;yes;both;yes;2017;blood;short;haemosporidian intensity;;parasitism;correlative;telomere length;;qPCR
299;10.1016/j.envpol.2017.06.060;wild;Rissa tridactyla;bird;;1;bird;Correlation;;;;;40;;;;40;N;;;;;;0.08;0.080171325;N;1;0.080171325;adults;no;both;yes;2017;red blood cells;short;high PFASs exposure;;human disturbance;correlative;telomere length;;TRF
300;10.1016/j.envpol.2017.06.060;wild;Rissa tridactyla;bird;;1;bird;Correlation;;;;;17;;;;17;N;;;;;;0.533;0.594326311;N;1;0.594326311;adults;no;both;yes;2017;red blood cells;short;high PFASs exposure;;human disturbance;correlative;telomere shortening;;TRF
301;10.1186/s12862-017-1004-1;captivity;Rana_temporaria_temporaria_ott979590;amphibian;;Rana temporaria;amphibian;Means;;;1.001;0.343;102;0.984;0.32;0.93;102.93;N;0.343015416;;;0.992550656;0.049191262;0.004677381;0.004677415;N;1;0.004677415;juveniles;yes;both;no;2017;muscle ;long;pond drying;;abiotic environment;experimental;telomere length;;qPCR
302;10.1016/j.cub.2018.07.021;wild;Suricata suricatta;mammal;;1;mammal;Regression p;0.04;;;;35;;;;35;N;;t;3.38;;;0.507114367;0.558837461;Y;1;0.558837461;adults;yes;both;yes;2018;blood;short;low social rank;;competition;correlative;telomere shortening;;qPCR
303;10.1371/journal.pone.0193526;wild;Thalassarche melanophrys;bird;;1;bird;Correlation;;;;;51;;;;51;N;;;;;;-0.105;0.105388448;N;1;0.105388448;juveniles;yes;both;;2018;feather;short;low body condition;;low body condition;correlative;telomere length;;TRF
304;10.1111/mec.13992;wild;Ovis aries;mammal;;1;mammal;Correlation;;;;;427;;;;427;N;;;;;;0.047;0.047034654;N;1;0.047034654;adults;yes;both;yes;2017;leukocytes;short;fecal egg count;;parasitism;correlative;telomere length;;qPCR
305;10.1111/mec.13992;wild;Ovis aries;mammal;;1;mammal;Correlation;;;;;142;;;;142;N;;;;;;-0.147;0.148072785;N;-1;-0.148072785;juveniles;yes;male;;2017;leukocytes;short;high horn length;;reproductive effort;correlative;telomere length;;qPCR
306;10.1111/mec.13992;wild;Ovis aries;mammal;;1;mammal;Correlation;;;;;191;;;;191;N;;;;;;-0.07;0.070114671;N;-1;-0.070114671;adults;yes;male;;2017;leukocytes;short;high horn length;;reproductive effort;correlative;telomere length;;qPCR
307;10.1007/s00114-019-1601-5;wild;Parus caeruleus;bird;;Cyanistes caeruleus;bird;Means;;;0.13;0.177763888;79;0.18;0.10198039;26;105;Y;0.162647991;;;0.99270073;0.305168458;0.131207219;0.131968018;N;-1;-0.131968018;adults;yes;male;;2019;blood;short;Plasmodium prevalence;;parasitism;correlative;telomere length;;qPCR
308;10.1007/s00114-019-1601-5;wild;Parus caeruleus;bird;;Cyanistes caeruleus;bird;Means;;;0.29;0.254558441;18;0.18;0.10198039;26;44;Y;0.180052902;;;0.982035928;0.599956739;0.285930985;0.29412931;N;1;0.29412931;adults;yes;male;;2019;blood;short;Haemoproteus prevalence;;parasitism;correlative;telomere length;;qPCR
309;10.1007/s00114-019-1601-5;wild;Parus caeruleus;bird;;Cyanistes caeruleus;bird;Means;;;0.17;0.161245155;65;0.15;0.146969385;24;89;Y;0.157596896;;;0.991354467;0.125808882;0.056060085;0.056118923;N;1;0.056118923;adults;yes;female;;2019;blood;short;Plasmodium prevalence;;parasitism;correlative;telomere length;;qPCR
310;10.1007/s00114-019-1601-5;wild;Parus caeruleus;bird;;Cyanistes caeruleus;bird;Means;;;0.17;0.169705627;32;0.15;0.146969385;24;56;Y;0.160416126;;;0.986046512;0.122936084;0.061272816;0.06134967;N;1;0.06134967;adults;yes;female;;2019;blood;short;Haemoproteus prevalence;;parasitism;correlative;telomere length;;qPCR
311;10.1007/s00114-019-1601-5;wild;Parus caeruleus;bird;;Cyanistes caeruleus;bird;F;0.579;;;;246;;;;246;N;;t;0.760920495;;;0.048655249;0.048693698;Y;1;0.048693698;adults;yes;both;yes;2019;blood;short;malaria prevalence;;parasitism;correlative;telomere length;;qPCR
312;10.1002/ece3.2948;wild;Geothlypis trichas;bird;;1;bird;Correlation;;;;;109;;;;109;N;;;;;;0.199;0.201691104;N;-1;-0.201691104;adults;yes;male;;2017;blood;short;low UV brightness;;reproductive effort;correlative;telomere length;;qPCR
313;10.1002/ece3.2948;wild;Geothlypis trichas;bird;;1;bird;Correlation;;;;;47;;;;47;N;;;;;;0.204;0.20690272;N;-1;-0.20690272;adults;yes;male;;2017;blood;short;high yellow brightness;;reproductive effort;correlative;telomere shortening;;qPCR
314;10.1002/ece3.2948;wild;Geothlypis trichas;bird;;1;bird;Correlation;;;;;47;;;;47;N;;;;;;-0.142;0.142966145;N;-1;-0.142966145;adults;yes;male;;2017;blood;short;low yellow croma;;reproductive effort;correlative;telomere shortening;;qPCR
315;10.1002/ece3.2948;wild;Geothlypis trichas;bird;;1;bird;Correlation;;;;;47;;;;47;N;;;;;;0.045;0.045030412;N;1;0.045030412;adults;yes;male;;2017;blood;short;large mask size;;reproductive effort;correlative;telomere shortening;;qPCR
316;10.1002/ece3.2948;wild;Geothlypis trichas;bird;;1;bird;Correlation;;;;;47;;;;47;N;;;;;;0.134;0.134810788;N;1;0.134810788;adults;yes;male;;2017;blood;short;large bib size;;reproductive effort;correlative;telomere shortening;;qPCR
317;10.1111/1365-2656.12741;wild;Acrocephalus sechellensis;bird;;1;bird;Regression b;-0.021;0.022959184;;;1808;;;;1808;N;;t;-0.914666667;;;0.021518075;0.021521397;Y;-1;-0.021521397;adults;yes;both;yes;2018;blood;short;low insect abundance;;poor diet;correlative;telomere length;;qPCR
318;10.1111/1365-2656.12741;wild;Acrocephalus sechellensis;bird;;1;bird;Regression b;0.047;0.030102041;;;1808;;;;1808;N;;t;1.561355932;;;0.036715557;0.036732069;Y;-1;-0.036732069;adults;yes;both;yes;2018;blood;short;large tarsus length;;development;correlative;telomere length;;qPCR
319;10.1111/1365-2656.12741;wild;Acrocephalus sechellensis;bird;;1;bird;Regression b;0.021;0.029081633;;;1808;;;;1808;N;;t;0.722105263;;;0.016989436;0.01699107;Y;-1;-0.01699107;adults;yes;both;yes;2018;blood;short;low number of helpers;;reproductive effort;correlative;telomere length;;qPCR
320;10.1111/1365-2656.12741;wild;Acrocephalus sechellensis;bird;;1;bird;Regression b;0.003;0.025;;;1808;;;;1808;N;;t;0.12;;;0.002823714;0.002823721;Y;1;0.002823721;adults;yes;both;yes;2018;blood;short;low territory quality;;abiotic environment;correlative;telomere length;;qPCR
321;10.1111/1365-2656.12741;wild;Acrocephalus sechellensis;bird;;1;bird;Regression b;-0.018;0.02755102;;;1808;;;;1808;N;;t;-0.653333333;;;0.015371797;0.015373007;Y;-1;-0.015373007;adults;yes;both;yes;2018;blood;short;small social group size;;reproductive effort;correlative;telomere length;;qPCR
322;10.1111/jeb.13119;wild;Sterna hirundo;bird;;1;bird;Correlation;;;;;200;;;;200;N;;;;;;0.058;0.058065169;N;1;0.058065169;juveniles;yes;both;yes;2017;blood;short;high hatching order;;competition;correlative;telomere length;;TRF
323;10.1111/jeb.13119;wild;Sterna hirundo;bird;;1;bird;Correlation;;;;;96;;;;96;N;;;;;;-0.023;0.023004057;N;-1;-0.023004057;juveniles;yes;both;yes;2017;blood;short;high hatching order;;competition;correlative;telomere length;;TRF
324;10.1111/jeb.13119;wild;Sterna hirundo;bird;;1;bird;Correlation;;;;;200;;;;200;N;;;;;;-0.074;0.07413552;N;-1;-0.07413552;juveniles;yes;both;yes;2017;blood;short;large brood size;;competition;correlative;telomere length;;TRF
325;10.1111/jeb.13119;wild;Sterna hirundo;bird;;1;bird;Correlation;;;;;96;;;;96;N;;;;;;-0.113;0.113484684;N;-1;-0.113484684;juveniles;yes;both;yes;2017;blood;short;large brood size;;competition;correlative;telomere length;;TRF
326;10.1111/jeb.13119;wild;Sterna hirundo;bird;;1;bird;Regression b;-9.18;63.86;;;96;;;;96;N;;t;-0.143751957;;;0.014825253;0.014826339;Y;-1;-0.014826339;juveniles;yes;both;yes;2017;blood;short;large brood size;;competition;correlative;telomere shortening;;TRF
329;10.1007/s00442-017-3953-x;wild;Salmo trutta;fish;;1;fish;Correlation;;;;;51;;;;51;N;;;;;;-0.238;0.242652949;N;-1;-0.242652949;juveniles;yes;both;no;2017;liver;long;Tetracapsuloides bryosalmonae parasite load;;parasitism;correlative;telomere length;;qPCR
330;10.1007/s00442-017-3953-x;wild;Salmo trutta;fish;;1;fish;Correlation;;;;;51;;;;51;N;;;;;;0.29;0.298566264;N;1;0.298566264;juveniles;yes;both;no;2017;liver;long;large size;;development;correlative;telomere length;;qPCR
331;10.1016/j.anbehav.2017.01.018;wild;Sturnus unicolor;bird;;1;bird;Regression b;0.274;0.177;;;52;;;;52;N;;t;1.548022599;;;0.213858581;0.217211388;Y;1;0.217211388;juveniles;yes;both;no;2017;blood;short;large tarsus length;;development;correlative;telomere length;;qPCR
332;10.1016/j.anbehav.2017.01.018;wild;Sturnus unicolor;bird;;1;bird;Regression b;2.645;1.307;;;52;;;;52;N;;t;2.023718439;;;0.275150163;0.282427357;Y;1;0.282427357;juveniles;yes;both;no;2017;blood;short;late hatching date;;parental effect;correlative;telomere length;;qPCR
333;10.1016/j.anbehav.2017.01.018;wild;Sturnus unicolor;bird;;1;bird;Regression b;0.265;0.102;;;52;;;;52;N;;t;2.598039216;;;0.344876422;0.359616761;Y;-1;-0.359616761;juveniles;yes;both;no;2017;blood;short;low number of feathers;;parental effect;correlative;telomere length;;qPCR
334;10.1016/j.anbehav.2017.01.018;wild;Sturnus unicolor;bird;;1;bird;Regression b;-0.058;0.087;;;52;;;;52;N;;t;-0.666666667;;;0.093864651;0.094141785;Y;1;0.094141785;juveniles;yes;both;no;2017;blood;short;absence of plants;;parental effect;correlative;telomere length;;qPCR
335;10.1016/j.anbehav.2017.01.018;wild;Sturnus unicolor;bird;;1;bird;F;0;;;;52;;;;52;N;;t;0;;;0;0;Y;1;0;juveniles;yes;both;no;2017;blood;short;absence of plants;;parental effect;experimental;telomere length;;qPCR
336;10.1016/j.anbehav.2017.01.018;wild;Sturnus unicolor;bird;;1;bird;Regression b;-3.01;1.26;;;52;;;;52;N;;t;-2.388888889;;;0.320067725;0.331722562;Y;-1;-0.331722562;juveniles;yes;both;no;2017;blood;short;late hatching date;;parental effect;correlative;telomere length;;qPCR
337;10.1016/j.anbehav.2017.01.018;wild;Sturnus unicolor;bird;;1;bird;Regression b;-0.25;0.09;;;52;;;;52;N;;t;-2.777777778;;;0.365636212;0.38337655;Y;-1;-0.38337655;juveniles;yes;both;no;2017;blood;short;Staphylococci prevalence;;parasitism;correlative;telomere length;;qPCR
338;10.1016/j.anbehav.2017.01.018;wild;Sturnus unicolor;bird;;1;bird;Regression b;0.16;0.09;;;52;;;;52;N;;t;1.777777778;;;0.24382766;0.248839706;Y;1;0.248839706;juveniles;yes;both;no;2017;blood;short;enterobacteria prevalence;;parasitism;correlative;telomere length;;qPCR
339;10.1016/j.anbehav.2017.01.018;wild;Sturnus unicolor;bird;;1;bird;Regression b;3.79;1.26;;;52;;;;52;N;;t;3.007936508;;;0.391441834;0.413501642;Y;1;0.413501642;juveniles;yes;both;no;2017;blood;short;late hatching date;;parental effect;correlative;telomere shortening;;qPCR
340;10.1016/j.anbehav.2017.01.018;wild;Sturnus unicolor;bird;;1;bird;Regression b;0.32;0.12;;;52;;;;52;N;;t;2.666666667;;;0.352864873;0.368712313;Y;1;0.368712313;juveniles;yes;both;no;2017;blood;short;enterobacteria prevalence;;parasitism;correlative;telomere shortening;;qPCR
341;10.1002/ece3.5386;wild;Tachycineta bicolor;bird;;1;bird;Regression b;-0.34;0.6;;;119;;;;119;N;;t;-0.566666667;;;0.052316609;0.052364418;Y;-1;-0.052364418;juveniles;yes;both;no;2019;blood;short;large brood size;;competition;experimental;telomere length;;TRF
342;10.1002/ece3.5386;wild;Tachycineta bicolor;bird;;1;bird;Regression b;0.04;0.04;;;119;;;;119;N;;t;1;;;0.092057462;0.092318841;Y;1;0.092318841;juveniles;yes;both;no;2019;blood;short;large size;;development;correlative;telomere length;;TRF
343;10.1002/ece3.5386;wild;Tachycineta bicolor;bird;;1;bird;Regression b;0.01;0.06;;;119;;;;119;N;;t;0.166666667;;;0.01540651;0.015407729;Y;1;0.015407729;juveniles;yes;both;no;2019;blood;short;low relative mass;;competition;correlative;telomere length;;TRF
344;10.16373/j.cnki.ahr.170086;captivity;Nanorana_parkeri_ott899043;amphibian;;Nanorana parkeri;amphibian;t;-1.599;;;;31;;;;31;N;;t;-1.599;;;0.284643964;0.292728258;Y;-1;-0.292728258;juveniles;yes;both;no;2018;heart;long;low water oxygen ;;abiotic environment;experimental;telomere length;;qPCR
345;10.16373/j.cnki.ahr.170086;captivity;Nanorana_parkeri_ott899043;amphibian;;Nanorana parkeri;amphibian;t;-1.054;;;;31;;;;31;N;;t;-1.054;;;0.192078443;0.194494341;Y;1;0.194494341;juveniles;yes;both;no;2018;liver;long;low water oxygen ;;abiotic environment;experimental;telomere length;;qPCR
346;10.16373/j.cnki.ahr.170086;captivity;Nanorana_parkeri_ott899043;amphibian;;Nanorana parkeri;amphibian;t;-1.419;;;;31;;;;31;N;;t;-1.419;;;0.254804197;0.260543908;Y;1;0.260543908;juveniles;yes;both;no;2018;muscle ;long;low water oxygen ;;abiotic environment;experimental;telomere length;;qPCR
347;10.1186/s12983-018-0275-8;laboratory;Taenopygia guttata;bird;;1;bird;Means;;;0.87;0.33;95;1.19;0.53;109;204;N;0.448174515;;;0.996282528;0.711353275;0.335139675;0.348607104;N;1;0.348607104;juveniles;yes;both;yes;2018;blood;short;high traffic noise;;human disturbance;experimental;telomere length;;qPCR
348;10.1186/s12983-018-0275-8;laboratory;Taenopygia guttata;bird;;1;bird;Regression b;-0.06;0.040816327;;;263;;;;263;N;;t;-1.47;;;0.090616368;0.090865624;Y;-1;-0.090865624;juveniles;yes;both;yes;2018;blood;short;high traffic noise;;human disturbance;experimental;telomere shortening;;qPCR
349;10.1186/s12983-018-0275-8;laboratory;Taenopygia guttata;bird;;1;bird;Means;;;1.17;0.42;59;1.19;0.53;109;168;N;0.494356098;;;0.995475113;0.040273605;0.019278186;0.019280575;N;1;0.019280575;juveniles;yes;both;yes;2018;blood;short;high traffic noise;;human disturbance;experimental;telomere length;;qPCR
350;10.1186/s12983-018-0275-8;laboratory;Taenopygia guttata;bird;;1;bird;Regression b;-0.32;0.173469388;;;263;;;;263;N;;t;-1.844705882;;;0.113447255;0.113937748;Y;-1;-0.113937748;juveniles;yes;both;yes;2018;blood;short;high traffic noise;;human disturbance;experimental;telomere shortening;;qPCR
351;10.1016/j.ygcen.2019.02.017;wild;Tachycineta bicolor;bird;;1;bird;Correlation;;;;;35;;;;35;N;;;;;;-0.359;0.375737479;N;-1;-0.375737479;juveniles;yes;both;no;2019;blood;short;high traffic noise amplitude;;human disturbance;experimental;telomere shortening;;TRF
352;10.1098/rsbl.2018.0083;wild;Turdus merula;bird;;1;bird;Regression b;547;224;;;104;;;;104;N;;t;2.441964286;;;0.235018178;0.239494448;Y;-1;-0.239494448;adults;yes;both;yes;2018;red blood cells;short;high urbanisation;;human disturbance;correlative;telomere length;;TRF
353;10.1098/rsbl.2018.0083;wild;Turdus merula;bird;;1;bird;Regression b;922;332;;;104;;;;104;N;;t;2.777108434;;;0.265133812;0.271622375;Y;-1;-0.271622375;adults;yes;both;yes;2018;red blood cells;short;high urbanisation;;human disturbance;correlative;telomere length;;TRF